nombre|procedencia|incorporacion|apoderadoId|alumnoId|colegioId|cursoId|annoId|vinculoId|createdAt|updatedAt
000001|curso anterior|2023-03-01|1|1|1|1|4|1|2023-09-24|2023-09-24
000002|curso anterior|2023-03-01|2|2|1|1|4|1|2023-09-24|2023-09-24
000003|curso anterior|2023-03-01|3|3|1|1|4|1|2023-09-24|2023-09-24
000004|curso anterior|2023-03-01|4|4|1|1|4|1|2023-09-24|2023-09-24
000005|curso anterior|2023-03-01|5|5|1|1|4|1|2023-09-24|2023-09-24
000006|curso anterior|2023-03-01|6|6|1|1|4|1|2023-09-24|2023-09-24
000007|curso anterior|2023-03-01|7|7|1|1|4|1|2023-09-24|2023-09-24
000008|curso anterior|2023-03-01|8|8|1|1|4|1|2023-09-24|2023-09-24
000009|curso anterior|2023-03-01|9|9|1|1|4|1|2023-09-24|2023-09-24
000010|curso anterior|2023-03-01|10|10|1|1|4|1|2023-09-24|2023-09-24
000011|curso anterior|2023-03-01|11|11|1|1|4|1|2023-09-24|2023-09-24
000012|curso anterior|2023-03-01|12|12|1|1|4|1|2023-09-24|2023-09-24
000013|curso anterior|2023-03-01|13|13|1|1|4|1|2023-09-24|2023-09-24
000014|curso anterior|2023-03-01|14|14|1|1|4|1|2023-09-24|2023-09-24
000015|curso anterior|2023-03-01|15|15|1|1|4|1|2023-09-24|2023-09-24
000016|curso anterior|2023-03-01|16|16|1|1|4|1|2023-09-24|2023-09-24
000017|curso anterior|2023-03-01|17|17|1|1|4|1|2023-09-24|2023-09-24
000018|curso anterior|2023-03-01|18|18|1|1|4|1|2023-09-24|2023-09-24
000019|curso anterior|2023-03-01|19|19|1|1|4|1|2023-09-24|2023-09-24
000020|curso anterior|2023-03-01|20|20|1|1|4|1|2023-09-24|2023-09-24
000021|curso anterior|2023-03-01|21|21|1|1|4|1|2023-09-24|2023-09-24
000022|curso anterior|2023-03-01|22|22|1|1|4|1|2023-09-24|2023-09-24
000023|curso anterior|2023-03-01|23|23|1|1|4|1|2023-09-24|2023-09-24
000024|curso anterior|2023-03-01|24|24|1|1|4|1|2023-09-24|2023-09-24
000025|curso anterior|2023-03-01|25|25|1|1|4|1|2023-09-24|2023-09-24
000026|curso anterior|2023-03-01|26|26|1|2|4|1|2023-09-24|2023-09-24
000027|curso anterior|2023-03-01|27|27|1|2|4|1|2023-09-24|2023-09-24
000028|curso anterior|2023-03-01|28|28|1|2|4|1|2023-09-24|2023-09-24
000029|curso anterior|2023-03-01|29|29|1|2|4|1|2023-09-24|2023-09-24
000030|curso anterior|2023-03-01|30|30|1|2|4|1|2023-09-24|2023-09-24
000031|curso anterior|2023-03-01|31|31|1|2|4|1|2023-09-24|2023-09-24
000032|curso anterior|2023-03-01|32|32|1|2|4|1|2023-09-24|2023-09-24
000033|curso anterior|2023-03-01|33|33|1|2|4|1|2023-09-24|2023-09-24
000034|curso anterior|2023-03-01|34|34|1|2|4|1|2023-09-24|2023-09-24
000035|curso anterior|2023-03-01|35|35|1|2|4|1|2023-09-24|2023-09-24
000036|curso anterior|2023-03-01|36|36|1|2|4|1|2023-09-24|2023-09-24
000037|curso anterior|2023-03-01|37|37|1|2|4|1|2023-09-24|2023-09-24
000038|curso anterior|2023-03-01|38|38|1|2|4|1|2023-09-24|2023-09-24
000039|curso anterior|2023-03-01|39|39|1|2|4|1|2023-09-24|2023-09-24
000040|curso anterior|2023-03-01|40|40|1|2|4|1|2023-09-24|2023-09-24
000041|curso anterior|2023-03-01|41|41|1|2|4|1|2023-09-24|2023-09-24
000042|curso anterior|2023-03-01|42|42|1|2|4|1|2023-09-24|2023-09-24
000043|curso anterior|2023-03-01|43|43|1|2|4|1|2023-09-24|2023-09-24
000044|curso anterior|2023-03-01|44|44|1|2|4|1|2023-09-24|2023-09-24
000045|curso anterior|2023-03-01|45|45|1|2|4|1|2023-09-24|2023-09-24
000046|curso anterior|2023-03-01|46|46|1|2|4|1|2023-09-24|2023-09-24
000047|curso anterior|2023-03-01|47|47|1|2|4|1|2023-09-24|2023-09-24
000048|curso anterior|2023-03-01|48|48|1|2|4|1|2023-09-24|2023-09-24
000049|curso anterior|2023-03-01|49|49|1|2|4|1|2023-09-24|2023-09-24
000050|curso anterior|2023-03-01|50|50|1|2|4|1|2023-09-24|2023-09-24
000051|curso anterior|2023-03-01|51|51|1|3|4|1|2023-09-24|2023-09-24
000052|curso anterior|2023-03-01|52|52|1|3|4|1|2023-09-24|2023-09-24
000053|curso anterior|2023-03-01|53|53|1|3|4|1|2023-09-24|2023-09-24
000054|curso anterior|2023-03-01|54|54|1|3|4|1|2023-09-24|2023-09-24
000055|curso anterior|2023-03-01|55|55|1|3|4|1|2023-09-24|2023-09-24
000056|curso anterior|2023-03-01|56|56|1|3|4|1|2023-09-24|2023-09-24
000057|curso anterior|2023-03-01|57|57|1|3|4|1|2023-09-24|2023-09-24
000058|curso anterior|2023-03-01|58|58|1|3|4|1|2023-09-24|2023-09-24
000059|curso anterior|2023-03-01|59|59|1|3|4|1|2023-09-24|2023-09-24
000060|curso anterior|2023-03-01|60|60|1|3|4|1|2023-09-24|2023-09-24
000061|curso anterior|2023-03-01|61|61|1|3|4|1|2023-09-24|2023-09-24
000062|curso anterior|2023-03-01|62|62|1|3|4|1|2023-09-24|2023-09-24
000063|curso anterior|2023-03-01|63|63|1|3|4|1|2023-09-24|2023-09-24
000064|curso anterior|2023-03-01|64|64|1|3|4|1|2023-09-24|2023-09-24
000065|curso anterior|2023-03-01|65|65|1|3|4|1|2023-09-24|2023-09-24
000066|curso anterior|2023-03-01|66|66|1|3|4|1|2023-09-24|2023-09-24
000067|curso anterior|2023-03-01|67|67|1|3|4|1|2023-09-24|2023-09-24
000068|curso anterior|2023-03-01|68|68|1|3|4|1|2023-09-24|2023-09-24
000069|curso anterior|2023-03-01|69|69|1|3|4|1|2023-09-24|2023-09-24
000070|curso anterior|2023-03-01|70|70|1|3|4|1|2023-09-24|2023-09-24
000071|curso anterior|2023-03-01|71|71|1|3|4|1|2023-09-24|2023-09-24
000072|curso anterior|2023-03-01|72|72|1|3|4|1|2023-09-24|2023-09-24
000073|curso anterior|2023-03-01|73|73|1|3|4|1|2023-09-24|2023-09-24
000074|curso anterior|2023-03-01|74|74|1|3|4|1|2023-09-24|2023-09-24
000075|curso anterior|2023-03-01|75|75|1|3|4|1|2023-09-24|2023-09-24
000076|curso anterior|2023-03-01|76|76|1|4|4|1|2023-09-24|2023-09-24
000077|curso anterior|2023-03-01|77|77|1|4|4|1|2023-09-24|2023-09-24
000078|curso anterior|2023-03-01|78|78|1|4|4|1|2023-09-24|2023-09-24
000079|curso anterior|2023-03-01|79|79|1|4|4|1|2023-09-24|2023-09-24
000080|curso anterior|2023-03-01|80|80|1|4|4|1|2023-09-24|2023-09-24
000081|curso anterior|2023-03-01|81|81|1|4|4|1|2023-09-24|2023-09-24
000082|curso anterior|2023-03-01|82|82|1|4|4|1|2023-09-24|2023-09-24
000083|curso anterior|2023-03-01|83|83|1|4|4|1|2023-09-24|2023-09-24
000084|curso anterior|2023-03-01|84|84|1|4|4|1|2023-09-24|2023-09-24
000085|curso anterior|2023-03-01|85|85|1|4|4|1|2023-09-24|2023-09-24
000086|curso anterior|2023-03-01|86|86|1|4|4|1|2023-09-24|2023-09-24
000087|curso anterior|2023-03-01|87|87|1|4|4|1|2023-09-24|2023-09-24
000088|curso anterior|2023-03-01|88|88|1|4|4|1|2023-09-24|2023-09-24
000089|curso anterior|2023-03-01|89|89|1|4|4|1|2023-09-24|2023-09-24
000090|curso anterior|2023-03-01|90|90|1|4|4|1|2023-09-24|2023-09-24
000091|curso anterior|2023-03-01|91|91|1|4|4|1|2023-09-24|2023-09-24
000092|curso anterior|2023-03-01|92|92|1|4|4|1|2023-09-24|2023-09-24
000093|curso anterior|2023-03-01|93|93|1|4|4|1|2023-09-24|2023-09-24
000094|curso anterior|2023-03-01|94|94|1|4|4|1|2023-09-24|2023-09-24
000095|curso anterior|2023-03-01|95|95|1|4|4|1|2023-09-24|2023-09-24
000096|curso anterior|2023-03-01|96|96|1|4|4|1|2023-09-24|2023-09-24
000097|curso anterior|2023-03-01|97|97|1|4|4|1|2023-09-24|2023-09-24
000098|curso anterior|2023-03-01|98|98|1|4|4|1|2023-09-24|2023-09-24
000099|curso anterior|2023-03-01|99|99|1|4|4|1|2023-09-24|2023-09-24
000100|curso anterior|2023-03-01|100|100|1|4|4|1|2023-09-24|2023-09-24
000101|curso anterior|2023-03-01|101|101|1|5|4|1|2023-09-24|2023-09-24
000102|curso anterior|2023-03-01|102|102|1|5|4|1|2023-09-24|2023-09-24
000103|curso anterior|2023-03-01|103|103|1|5|4|1|2023-09-24|2023-09-24
000104|curso anterior|2023-03-01|104|104|1|5|4|1|2023-09-24|2023-09-24
000105|curso anterior|2023-03-01|105|105|1|5|4|1|2023-09-24|2023-09-24
000106|curso anterior|2023-03-01|106|106|1|5|4|1|2023-09-24|2023-09-24
000107|curso anterior|2023-03-01|107|107|1|5|4|1|2023-09-24|2023-09-24
000108|curso anterior|2023-03-01|108|108|1|5|4|1|2023-09-24|2023-09-24
000109|curso anterior|2023-03-01|109|109|1|5|4|1|2023-09-24|2023-09-24
000110|curso anterior|2023-03-01|110|110|1|5|4|1|2023-09-24|2023-09-24
000111|curso anterior|2023-03-01|111|111|1|5|4|1|2023-09-24|2023-09-24
000112|curso anterior|2023-03-01|112|112|1|5|4|1|2023-09-24|2023-09-24
000113|curso anterior|2023-03-01|113|113|1|5|4|1|2023-09-24|2023-09-24
000114|curso anterior|2023-03-01|114|114|1|5|4|1|2023-09-24|2023-09-24
000115|curso anterior|2023-03-01|115|115|1|5|4|1|2023-09-24|2023-09-24
000116|curso anterior|2023-03-01|116|116|1|5|4|1|2023-09-24|2023-09-24
000117|curso anterior|2023-03-01|117|117|1|5|4|1|2023-09-24|2023-09-24
000118|curso anterior|2023-03-01|118|118|1|5|4|1|2023-09-24|2023-09-24
000119|curso anterior|2023-03-01|119|119|1|5|4|1|2023-09-24|2023-09-24
000120|curso anterior|2023-03-01|120|120|1|5|4|1|2023-09-24|2023-09-24
000121|curso anterior|2023-03-01|121|121|1|5|4|1|2023-09-24|2023-09-24
000122|curso anterior|2023-03-01|122|122|1|5|4|1|2023-09-24|2023-09-24
000123|curso anterior|2023-03-01|123|123|1|5|4|1|2023-09-24|2023-09-24
000124|curso anterior|2023-03-01|124|124|1|5|4|1|2023-09-24|2023-09-24
000125|curso anterior|2023-03-01|125|125|1|5|4|1|2023-09-24|2023-09-24
000126|curso anterior|2023-03-01|126|126|1|6|4|1|2023-09-24|2023-09-24
000127|curso anterior|2023-03-01|127|127|1|6|4|1|2023-09-24|2023-09-24
000128|curso anterior|2023-03-01|128|128|1|6|4|1|2023-09-24|2023-09-24
000129|curso anterior|2023-03-01|129|129|1|6|4|1|2023-09-24|2023-09-24
000130|curso anterior|2023-03-01|130|130|1|6|4|1|2023-09-24|2023-09-24
000131|curso anterior|2023-03-01|131|131|1|6|4|1|2023-09-24|2023-09-24
000132|curso anterior|2023-03-01|132|132|1|6|4|1|2023-09-24|2023-09-24
000133|curso anterior|2023-03-01|133|133|1|6|4|1|2023-09-24|2023-09-24
000134|curso anterior|2023-03-01|134|134|1|6|4|1|2023-09-24|2023-09-24
000135|curso anterior|2023-03-01|135|135|1|6|4|1|2023-09-24|2023-09-24
000136|curso anterior|2023-03-01|136|136|1|6|4|1|2023-09-24|2023-09-24
000137|curso anterior|2023-03-01|137|137|1|6|4|1|2023-09-24|2023-09-24
000138|curso anterior|2023-03-01|138|138|1|6|4|1|2023-09-24|2023-09-24
000139|curso anterior|2023-03-01|139|139|1|6|4|1|2023-09-24|2023-09-24
000140|curso anterior|2023-03-01|140|140|1|6|4|1|2023-09-24|2023-09-24
000141|curso anterior|2023-03-01|141|141|1|6|4|1|2023-09-24|2023-09-24
000142|curso anterior|2023-03-01|142|142|1|6|4|1|2023-09-24|2023-09-24
000143|curso anterior|2023-03-01|143|143|1|6|4|1|2023-09-24|2023-09-24
000144|curso anterior|2023-03-01|144|144|1|6|4|1|2023-09-24|2023-09-24
000145|curso anterior|2023-03-01|145|145|1|6|4|1|2023-09-24|2023-09-24
000146|curso anterior|2023-03-01|146|146|1|6|4|1|2023-09-24|2023-09-24
000147|curso anterior|2023-03-01|147|147|1|6|4|1|2023-09-24|2023-09-24
000148|curso anterior|2023-03-01|148|148|1|6|4|1|2023-09-24|2023-09-24
000149|curso anterior|2023-03-01|149|149|1|6|4|1|2023-09-24|2023-09-24
000150|curso anterior|2023-03-01|150|150|1|6|4|1|2023-09-24|2023-09-24
000151|curso anterior|2023-03-01|151|151|1|7|4|1|2023-09-24|2023-09-24
000152|curso anterior|2023-03-01|152|152|1|7|4|1|2023-09-24|2023-09-24
000153|curso anterior|2023-03-01|153|153|1|7|4|1|2023-09-24|2023-09-24
000154|curso anterior|2023-03-01|154|154|1|7|4|1|2023-09-24|2023-09-24
000155|curso anterior|2023-03-01|155|155|1|7|4|1|2023-09-24|2023-09-24
000156|curso anterior|2023-03-01|156|156|1|7|4|1|2023-09-24|2023-09-24
000157|curso anterior|2023-03-01|157|157|1|7|4|1|2023-09-24|2023-09-24
000158|curso anterior|2023-03-01|158|158|1|7|4|1|2023-09-24|2023-09-24
000159|curso anterior|2023-03-01|159|159|1|7|4|1|2023-09-24|2023-09-24
000160|curso anterior|2023-03-01|160|160|1|7|4|1|2023-09-24|2023-09-24
000161|curso anterior|2023-03-01|161|161|1|7|4|1|2023-09-24|2023-09-24
000162|curso anterior|2023-03-01|162|162|1|7|4|1|2023-09-24|2023-09-24
000163|curso anterior|2023-03-01|163|163|1|7|4|1|2023-09-24|2023-09-24
000164|curso anterior|2023-03-01|164|164|1|7|4|1|2023-09-24|2023-09-24
000165|curso anterior|2023-03-01|165|165|1|7|4|1|2023-09-24|2023-09-24
000166|curso anterior|2023-03-01|166|166|1|7|4|1|2023-09-24|2023-09-24
000167|curso anterior|2023-03-01|167|167|1|7|4|1|2023-09-24|2023-09-24
000168|curso anterior|2023-03-01|168|168|1|7|4|1|2023-09-24|2023-09-24
000169|curso anterior|2023-03-01|169|169|1|7|4|1|2023-09-24|2023-09-24
000170|curso anterior|2023-03-01|170|170|1|7|4|1|2023-09-24|2023-09-24
000171|curso anterior|2023-03-01|171|171|1|7|4|1|2023-09-24|2023-09-24
000172|curso anterior|2023-03-01|172|172|1|7|4|1|2023-09-24|2023-09-24
000173|curso anterior|2023-03-01|173|173|1|7|4|1|2023-09-24|2023-09-24
000174|curso anterior|2023-03-01|174|174|1|7|4|1|2023-09-24|2023-09-24
000175|curso anterior|2023-03-01|175|175|1|7|4|1|2023-09-24|2023-09-24
000176|curso anterior|2023-03-01|176|176|1|8|4|1|2023-09-24|2023-09-24
000177|curso anterior|2023-03-01|177|177|1|8|4|1|2023-09-24|2023-09-24
000178|curso anterior|2023-03-01|178|178|1|8|4|1|2023-09-24|2023-09-24
000179|curso anterior|2023-03-01|179|179|1|8|4|1|2023-09-24|2023-09-24
000180|curso anterior|2023-03-01|180|180|1|8|4|1|2023-09-24|2023-09-24
000181|curso anterior|2023-03-01|181|181|1|8|4|1|2023-09-24|2023-09-24
000182|curso anterior|2023-03-01|182|182|1|8|4|1|2023-09-24|2023-09-24
000183|curso anterior|2023-03-01|183|183|1|8|4|1|2023-09-24|2023-09-24
000184|curso anterior|2023-03-01|184|184|1|8|4|1|2023-09-24|2023-09-24
000185|curso anterior|2023-03-01|185|185|1|8|4|1|2023-09-24|2023-09-24
000186|curso anterior|2023-03-01|186|186|1|8|4|1|2023-09-24|2023-09-24
000187|curso anterior|2023-03-01|187|187|1|8|4|1|2023-09-24|2023-09-24
000188|curso anterior|2023-03-01|188|188|1|8|4|1|2023-09-24|2023-09-24
000189|curso anterior|2023-03-01|189|189|1|8|4|1|2023-09-24|2023-09-24
000190|curso anterior|2023-03-01|190|190|1|8|4|1|2023-09-24|2023-09-24
000191|curso anterior|2023-03-01|191|191|1|8|4|1|2023-09-24|2023-09-24
000192|curso anterior|2023-03-01|192|192|1|8|4|1|2023-09-24|2023-09-24
000193|curso anterior|2023-03-01|193|193|1|8|4|1|2023-09-24|2023-09-24
000194|curso anterior|2023-03-01|194|194|1|8|4|1|2023-09-24|2023-09-24
000195|curso anterior|2023-03-01|195|195|1|8|4|1|2023-09-24|2023-09-24
000196|curso anterior|2023-03-01|196|196|1|8|4|1|2023-09-24|2023-09-24
000197|curso anterior|2023-03-01|197|197|1|8|4|1|2023-09-24|2023-09-24
000198|curso anterior|2023-03-01|198|198|1|8|4|1|2023-09-24|2023-09-24
000199|curso anterior|2023-03-01|199|199|1|8|4|1|2023-09-24|2023-09-24
000200|curso anterior|2023-03-01|200|200|1|8|4|1|2023-09-24|2023-09-24
000201|curso anterior|2023-03-01|201|201|1|9|4|1|2023-09-24|2023-09-24
000202|curso anterior|2023-03-01|202|202|1|9|4|1|2023-09-24|2023-09-24
000203|curso anterior|2023-03-01|203|203|1|9|4|1|2023-09-24|2023-09-24
000204|curso anterior|2023-03-01|204|204|1|9|4|1|2023-09-24|2023-09-24
000205|curso anterior|2023-03-01|205|205|1|9|4|1|2023-09-24|2023-09-24
000206|curso anterior|2023-03-01|206|206|1|9|4|1|2023-09-24|2023-09-24
000207|curso anterior|2023-03-01|207|207|1|9|4|1|2023-09-24|2023-09-24
000208|curso anterior|2023-03-01|208|208|1|9|4|1|2023-09-24|2023-09-24
000209|curso anterior|2023-03-01|209|209|1|9|4|1|2023-09-24|2023-09-24
000210|curso anterior|2023-03-01|210|210|1|9|4|1|2023-09-24|2023-09-24
000211|curso anterior|2023-03-01|211|211|1|9|4|1|2023-09-24|2023-09-24
000212|curso anterior|2023-03-01|212|212|1|9|4|1|2023-09-24|2023-09-24
000213|curso anterior|2023-03-01|213|213|1|9|4|1|2023-09-24|2023-09-24
000214|curso anterior|2023-03-01|214|214|1|9|4|1|2023-09-24|2023-09-24
000215|curso anterior|2023-03-01|215|215|1|9|4|1|2023-09-24|2023-09-24
000216|curso anterior|2023-03-01|216|216|1|9|4|1|2023-09-24|2023-09-24
000217|curso anterior|2023-03-01|217|217|1|9|4|1|2023-09-24|2023-09-24
000218|curso anterior|2023-03-01|218|218|1|9|4|1|2023-09-24|2023-09-24
000219|curso anterior|2023-03-01|219|219|1|9|4|1|2023-09-24|2023-09-24
000220|curso anterior|2023-03-01|220|220|1|9|4|1|2023-09-24|2023-09-24
000221|curso anterior|2023-03-01|221|221|1|9|4|1|2023-09-24|2023-09-24
000222|curso anterior|2023-03-01|222|222|1|9|4|1|2023-09-24|2023-09-24
000223|curso anterior|2023-03-01|223|223|1|9|4|1|2023-09-24|2023-09-24
000224|curso anterior|2023-03-01|224|224|1|9|4|1|2023-09-24|2023-09-24
000225|curso anterior|2023-03-01|225|225|1|9|4|1|2023-09-24|2023-09-24
000226|curso anterior|2023-03-01|226|226|1|10|4|1|2023-09-24|2023-09-24
000227|curso anterior|2023-03-01|227|227|1|10|4|1|2023-09-24|2023-09-24
000228|curso anterior|2023-03-01|228|228|1|10|4|1|2023-09-24|2023-09-24
000229|curso anterior|2023-03-01|229|229|1|10|4|1|2023-09-24|2023-09-24
000230|curso anterior|2023-03-01|230|230|1|10|4|1|2023-09-24|2023-09-24
000231|curso anterior|2023-03-01|231|231|1|10|4|1|2023-09-24|2023-09-24
000232|curso anterior|2023-03-01|232|232|1|10|4|1|2023-09-24|2023-09-24
000233|curso anterior|2023-03-01|233|233|1|10|4|1|2023-09-24|2023-09-24
000234|curso anterior|2023-03-01|234|234|1|10|4|1|2023-09-24|2023-09-24
000235|curso anterior|2023-03-01|235|235|1|10|4|1|2023-09-24|2023-09-24
000236|curso anterior|2023-03-01|236|236|1|10|4|1|2023-09-24|2023-09-24
000237|curso anterior|2023-03-01|237|237|1|10|4|1|2023-09-24|2023-09-24
000238|curso anterior|2023-03-01|238|238|1|10|4|1|2023-09-24|2023-09-24
000239|curso anterior|2023-03-01|239|239|1|10|4|1|2023-09-24|2023-09-24
000240|curso anterior|2023-03-01|240|240|1|10|4|1|2023-09-24|2023-09-24
000241|curso anterior|2023-03-01|241|241|1|10|4|1|2023-09-24|2023-09-24
000242|curso anterior|2023-03-01|242|242|1|10|4|1|2023-09-24|2023-09-24
000243|curso anterior|2023-03-01|243|243|1|10|4|1|2023-09-24|2023-09-24
000244|curso anterior|2023-03-01|244|244|1|10|4|1|2023-09-24|2023-09-24
000245|curso anterior|2023-03-01|245|245|1|10|4|1|2023-09-24|2023-09-24
000246|curso anterior|2023-03-01|246|246|1|10|4|1|2023-09-24|2023-09-24
000247|curso anterior|2023-03-01|247|247|1|10|4|1|2023-09-24|2023-09-24
000248|curso anterior|2023-03-01|248|248|1|10|4|1|2023-09-24|2023-09-24
000249|curso anterior|2023-03-01|249|249|1|10|4|1|2023-09-24|2023-09-24
000250|curso anterior|2023-03-01|250|250|1|10|4|1|2023-09-24|2023-09-24
000251|curso anterior|2023-03-01|251|251|1|11|4|1|2023-09-24|2023-09-24
000252|curso anterior|2023-03-01|252|252|1|11|4|1|2023-09-24|2023-09-24
000253|curso anterior|2023-03-01|253|253|1|11|4|1|2023-09-24|2023-09-24
000254|curso anterior|2023-03-01|254|254|1|11|4|1|2023-09-24|2023-09-24
000255|curso anterior|2023-03-01|255|255|1|11|4|1|2023-09-24|2023-09-24
000256|curso anterior|2023-03-01|256|256|1|11|4|1|2023-09-24|2023-09-24
000257|curso anterior|2023-03-01|257|257|1|11|4|1|2023-09-24|2023-09-24
000258|curso anterior|2023-03-01|258|258|1|11|4|1|2023-09-24|2023-09-24
000259|curso anterior|2023-03-01|259|259|1|11|4|1|2023-09-24|2023-09-24
000260|curso anterior|2023-03-01|260|260|1|11|4|1|2023-09-24|2023-09-24
000261|curso anterior|2023-03-01|261|261|1|11|4|1|2023-09-24|2023-09-24
000262|curso anterior|2023-03-01|262|262|1|11|4|1|2023-09-24|2023-09-24
000263|curso anterior|2023-03-01|263|263|1|11|4|1|2023-09-24|2023-09-24
000264|curso anterior|2023-03-01|264|264|1|11|4|1|2023-09-24|2023-09-24
000265|curso anterior|2023-03-01|265|265|1|11|4|1|2023-09-24|2023-09-24
000266|curso anterior|2023-03-01|266|266|1|11|4|1|2023-09-24|2023-09-24
000267|curso anterior|2023-03-01|267|267|1|11|4|1|2023-09-24|2023-09-24
000268|curso anterior|2023-03-01|268|268|1|11|4|1|2023-09-24|2023-09-24
000269|curso anterior|2023-03-01|269|269|1|11|4|1|2023-09-24|2023-09-24
000270|curso anterior|2023-03-01|270|270|1|11|4|1|2023-09-24|2023-09-24
000271|curso anterior|2023-03-01|271|271|1|11|4|1|2023-09-24|2023-09-24
000272|curso anterior|2023-03-01|272|272|1|11|4|1|2023-09-24|2023-09-24
000273|curso anterior|2023-03-01|273|273|1|11|4|1|2023-09-24|2023-09-24
000274|curso anterior|2023-03-01|274|274|1|11|4|1|2023-09-24|2023-09-24
000275|curso anterior|2023-03-01|275|275|1|11|4|1|2023-09-24|2023-09-24
000276|curso anterior|2023-03-01|276|276|1|12|4|1|2023-09-24|2023-09-24
000277|curso anterior|2023-03-01|277|277|1|12|4|1|2023-09-24|2023-09-24
000278|curso anterior|2023-03-01|278|278|1|12|4|1|2023-09-24|2023-09-24
000279|curso anterior|2023-03-01|279|279|1|12|4|1|2023-09-24|2023-09-24
000280|curso anterior|2023-03-01|280|280|1|12|4|1|2023-09-24|2023-09-24
000281|curso anterior|2023-03-01|281|281|1|12|4|1|2023-09-24|2023-09-24
000282|curso anterior|2023-03-01|282|282|1|12|4|1|2023-09-24|2023-09-24
000283|curso anterior|2023-03-01|283|283|1|12|4|1|2023-09-24|2023-09-24
000284|curso anterior|2023-03-01|284|284|1|12|4|1|2023-09-24|2023-09-24
000285|curso anterior|2023-03-01|285|285|1|12|4|1|2023-09-24|2023-09-24
000286|curso anterior|2023-03-01|286|286|1|12|4|1|2023-09-24|2023-09-24
000287|curso anterior|2023-03-01|287|287|1|12|4|1|2023-09-24|2023-09-24
000288|curso anterior|2023-03-01|288|288|1|12|4|1|2023-09-24|2023-09-24
000289|curso anterior|2023-03-01|289|289|1|12|4|1|2023-09-24|2023-09-24
000290|curso anterior|2023-03-01|290|290|1|12|4|1|2023-09-24|2023-09-24
000291|curso anterior|2023-03-01|291|291|1|12|4|1|2023-09-24|2023-09-24
000292|curso anterior|2023-03-01|292|292|1|12|4|1|2023-09-24|2023-09-24
000293|curso anterior|2023-03-01|293|293|1|12|4|1|2023-09-24|2023-09-24
000294|curso anterior|2023-03-01|294|294|1|12|4|1|2023-09-24|2023-09-24
000295|curso anterior|2023-03-01|295|295|1|12|4|1|2023-09-24|2023-09-24
000296|curso anterior|2023-03-01|296|296|1|12|4|1|2023-09-24|2023-09-24
000297|curso anterior|2023-03-01|297|297|1|12|4|1|2023-09-24|2023-09-24
000298|curso anterior|2023-03-01|298|298|1|12|4|1|2023-09-24|2023-09-24
000299|curso anterior|2023-03-01|299|299|1|12|4|1|2023-09-24|2023-09-24
000300|curso anterior|2023-03-01|300|300|1|12|4|1|2023-09-24|2023-09-24
000301|curso anterior|2023-03-01|301|301|1|13|4|1|2023-09-24|2023-09-24
000302|curso anterior|2023-03-01|302|302|1|13|4|1|2023-09-24|2023-09-24
000303|curso anterior|2023-03-01|303|303|1|13|4|1|2023-09-24|2023-09-24
000304|curso anterior|2023-03-01|304|304|1|13|4|1|2023-09-24|2023-09-24
000305|curso anterior|2023-03-01|305|305|1|13|4|1|2023-09-24|2023-09-24
000306|curso anterior|2023-03-01|306|306|1|13|4|1|2023-09-24|2023-09-24
000307|curso anterior|2023-03-01|307|307|1|13|4|1|2023-09-24|2023-09-24
000308|curso anterior|2023-03-01|308|308|1|13|4|1|2023-09-24|2023-09-24
000309|curso anterior|2023-03-01|309|309|1|13|4|1|2023-09-24|2023-09-24
000310|curso anterior|2023-03-01|310|310|1|13|4|1|2023-09-24|2023-09-24
000311|curso anterior|2023-03-01|311|311|1|13|4|1|2023-09-24|2023-09-24
000312|curso anterior|2023-03-01|312|312|1|13|4|1|2023-09-24|2023-09-24
000313|curso anterior|2023-03-01|313|313|1|13|4|1|2023-09-24|2023-09-24
000314|curso anterior|2023-03-01|314|314|1|13|4|1|2023-09-24|2023-09-24
000315|curso anterior|2023-03-01|315|315|1|13|4|1|2023-09-24|2023-09-24
000316|curso anterior|2023-03-01|316|316|1|13|4|1|2023-09-24|2023-09-24
000317|curso anterior|2023-03-01|317|317|1|13|4|1|2023-09-24|2023-09-24
000318|curso anterior|2023-03-01|318|318|1|13|4|1|2023-09-24|2023-09-24
000319|curso anterior|2023-03-01|319|319|1|13|4|1|2023-09-24|2023-09-24
000320|curso anterior|2023-03-01|320|320|1|13|4|1|2023-09-24|2023-09-24
000321|curso anterior|2023-03-01|321|321|1|13|4|1|2023-09-24|2023-09-24
000322|curso anterior|2023-03-01|322|322|1|13|4|1|2023-09-24|2023-09-24
000323|curso anterior|2023-03-01|323|323|1|13|4|1|2023-09-24|2023-09-24
000324|curso anterior|2023-03-01|324|324|1|13|4|1|2023-09-24|2023-09-24
000325|curso anterior|2023-03-01|325|325|1|13|4|1|2023-09-24|2023-09-24
000326|curso anterior|2023-03-01|326|326|1|14|4|1|2023-09-24|2023-09-24
000327|curso anterior|2023-03-01|327|327|1|14|4|1|2023-09-24|2023-09-24
000328|curso anterior|2023-03-01|328|328|1|14|4|1|2023-09-24|2023-09-24
000329|curso anterior|2023-03-01|329|329|1|14|4|1|2023-09-24|2023-09-24
000330|curso anterior|2023-03-01|330|330|1|14|4|1|2023-09-24|2023-09-24
000331|curso anterior|2023-03-01|331|331|1|14|4|1|2023-09-24|2023-09-24
000332|curso anterior|2023-03-01|332|332|1|14|4|1|2023-09-24|2023-09-24
000333|curso anterior|2023-03-01|333|333|1|14|4|1|2023-09-24|2023-09-24
000334|curso anterior|2023-03-01|334|334|1|14|4|1|2023-09-24|2023-09-24
000335|curso anterior|2023-03-01|335|335|1|14|4|1|2023-09-24|2023-09-24
000336|curso anterior|2023-03-01|336|336|1|14|4|1|2023-09-24|2023-09-24
000337|curso anterior|2023-03-01|337|337|1|14|4|1|2023-09-24|2023-09-24
000338|curso anterior|2023-03-01|338|338|1|14|4|1|2023-09-24|2023-09-24
000339|curso anterior|2023-03-01|339|339|1|14|4|1|2023-09-24|2023-09-24
000340|curso anterior|2023-03-01|340|340|1|14|4|1|2023-09-24|2023-09-24
000341|curso anterior|2023-03-01|341|341|1|14|4|1|2023-09-24|2023-09-24
000342|curso anterior|2023-03-01|342|342|1|14|4|1|2023-09-24|2023-09-24
000343|curso anterior|2023-03-01|343|343|1|14|4|1|2023-09-24|2023-09-24
000344|curso anterior|2023-03-01|344|344|1|14|4|1|2023-09-24|2023-09-24
000345|curso anterior|2023-03-01|345|345|1|14|4|1|2023-09-24|2023-09-24
000346|curso anterior|2023-03-01|346|346|1|14|4|1|2023-09-24|2023-09-24
000347|curso anterior|2023-03-01|347|347|1|14|4|1|2023-09-24|2023-09-24
000348|curso anterior|2023-03-01|348|348|1|14|4|1|2023-09-24|2023-09-24
000349|curso anterior|2023-03-01|349|349|1|14|4|1|2023-09-24|2023-09-24
000350|curso anterior|2023-03-01|350|350|1|14|4|1|2023-09-24|2023-09-24
000351|curso anterior|2023-03-01|351|351|1|15|4|1|2023-09-24|2023-09-24
000352|curso anterior|2023-03-01|352|352|1|15|4|1|2023-09-24|2023-09-24
000353|curso anterior|2023-03-01|353|353|1|15|4|1|2023-09-24|2023-09-24
000354|curso anterior|2023-03-01|354|354|1|15|4|1|2023-09-24|2023-09-24
000355|curso anterior|2023-03-01|355|355|1|15|4|1|2023-09-24|2023-09-24
000356|curso anterior|2023-03-01|356|356|1|15|4|1|2023-09-24|2023-09-24
000357|curso anterior|2023-03-01|357|357|1|15|4|1|2023-09-24|2023-09-24
000358|curso anterior|2023-03-01|358|358|1|15|4|1|2023-09-24|2023-09-24
000359|curso anterior|2023-03-01|359|359|1|15|4|1|2023-09-24|2023-09-24
000360|curso anterior|2023-03-01|360|360|1|15|4|1|2023-09-24|2023-09-24
000361|curso anterior|2023-03-01|361|361|1|15|4|1|2023-09-24|2023-09-24
000362|curso anterior|2023-03-01|362|362|1|15|4|1|2023-09-24|2023-09-24
000363|curso anterior|2023-03-01|363|363|1|15|4|1|2023-09-24|2023-09-24
000364|curso anterior|2023-03-01|364|364|1|15|4|1|2023-09-24|2023-09-24
000365|curso anterior|2023-03-01|365|365|1|15|4|1|2023-09-24|2023-09-24
000366|curso anterior|2023-03-01|366|366|1|15|4|1|2023-09-24|2023-09-24
000367|curso anterior|2023-03-01|367|367|1|15|4|1|2023-09-24|2023-09-24
000368|curso anterior|2023-03-01|368|368|1|15|4|1|2023-09-24|2023-09-24
000369|curso anterior|2023-03-01|369|369|1|15|4|1|2023-09-24|2023-09-24
000370|curso anterior|2023-03-01|370|370|1|15|4|1|2023-09-24|2023-09-24
000371|curso anterior|2023-03-01|371|371|1|15|4|1|2023-09-24|2023-09-24
000372|curso anterior|2023-03-01|372|372|1|15|4|1|2023-09-24|2023-09-24
000373|curso anterior|2023-03-01|373|373|1|15|4|1|2023-09-24|2023-09-24
000374|curso anterior|2023-03-01|374|374|1|15|4|1|2023-09-24|2023-09-24
000375|curso anterior|2023-03-01|375|375|1|15|4|1|2023-09-24|2023-09-24
000376|curso anterior|2023-03-01|376|376|1|16|4|1|2023-09-24|2023-09-24
000377|curso anterior|2023-03-01|377|377|1|16|4|1|2023-09-24|2023-09-24
000378|curso anterior|2023-03-01|378|378|1|16|4|1|2023-09-24|2023-09-24
000379|curso anterior|2023-03-01|379|379|1|16|4|1|2023-09-24|2023-09-24
000380|curso anterior|2023-03-01|380|380|1|16|4|1|2023-09-24|2023-09-24
000381|curso anterior|2023-03-01|381|381|1|16|4|1|2023-09-24|2023-09-24
000382|curso anterior|2023-03-01|382|382|1|16|4|1|2023-09-24|2023-09-24
000383|curso anterior|2023-03-01|383|383|1|16|4|1|2023-09-24|2023-09-24
000384|curso anterior|2023-03-01|384|384|1|16|4|1|2023-09-24|2023-09-24
000385|curso anterior|2023-03-01|385|385|1|16|4|1|2023-09-24|2023-09-24
000386|curso anterior|2023-03-01|386|386|1|16|4|1|2023-09-24|2023-09-24
000387|curso anterior|2023-03-01|387|387|1|16|4|1|2023-09-24|2023-09-24
000388|curso anterior|2023-03-01|388|388|1|16|4|1|2023-09-24|2023-09-24
000389|curso anterior|2023-03-01|389|389|1|16|4|1|2023-09-24|2023-09-24
000390|curso anterior|2023-03-01|390|390|1|16|4|1|2023-09-24|2023-09-24
000391|curso anterior|2023-03-01|391|391|1|16|4|1|2023-09-24|2023-09-24
000392|curso anterior|2023-03-01|392|392|1|16|4|1|2023-09-24|2023-09-24
000393|curso anterior|2023-03-01|393|393|1|16|4|1|2023-09-24|2023-09-24
000394|curso anterior|2023-03-01|394|394|1|16|4|1|2023-09-24|2023-09-24
000395|curso anterior|2023-03-01|395|395|1|16|4|1|2023-09-24|2023-09-24
000396|curso anterior|2023-03-01|396|396|1|16|4|1|2023-09-24|2023-09-24
000397|curso anterior|2023-03-01|397|397|1|16|4|1|2023-09-24|2023-09-24
000398|curso anterior|2023-03-01|398|398|1|16|4|1|2023-09-24|2023-09-24
000399|curso anterior|2023-03-01|399|399|1|16|4|1|2023-09-24|2023-09-24
000400|curso anterior|2023-03-01|400|400|1|16|4|1|2023-09-24|2023-09-24
000401|curso anterior|2023-03-01|401|401|1|17|4|1|2023-09-24|2023-09-24
000402|curso anterior|2023-03-01|402|402|1|17|4|1|2023-09-24|2023-09-24
000403|curso anterior|2023-03-01|403|403|1|17|4|1|2023-09-24|2023-09-24
000404|curso anterior|2023-03-01|404|404|1|17|4|1|2023-09-24|2023-09-24
000405|curso anterior|2023-03-01|405|405|1|17|4|1|2023-09-24|2023-09-24
000406|curso anterior|2023-03-01|406|406|1|17|4|1|2023-09-24|2023-09-24
000407|curso anterior|2023-03-01|407|407|1|17|4|1|2023-09-24|2023-09-24
000408|curso anterior|2023-03-01|408|408|1|17|4|1|2023-09-24|2023-09-24
000409|curso anterior|2023-03-01|409|409|1|17|4|1|2023-09-24|2023-09-24
000410|curso anterior|2023-03-01|410|410|1|17|4|1|2023-09-24|2023-09-24
000411|curso anterior|2023-03-01|411|411|1|17|4|1|2023-09-24|2023-09-24
000412|curso anterior|2023-03-01|412|412|1|17|4|1|2023-09-24|2023-09-24
000413|curso anterior|2023-03-01|413|413|1|17|4|1|2023-09-24|2023-09-24
000414|curso anterior|2023-03-01|414|414|1|17|4|1|2023-09-24|2023-09-24
000415|curso anterior|2023-03-01|415|415|1|17|4|1|2023-09-24|2023-09-24
000416|curso anterior|2023-03-01|416|416|1|17|4|1|2023-09-24|2023-09-24
000417|curso anterior|2023-03-01|417|417|1|17|4|1|2023-09-24|2023-09-24
000418|curso anterior|2023-03-01|418|418|1|17|4|1|2023-09-24|2023-09-24
000419|curso anterior|2023-03-01|419|419|1|17|4|1|2023-09-24|2023-09-24
000420|curso anterior|2023-03-01|420|420|1|17|4|1|2023-09-24|2023-09-24
000421|curso anterior|2023-03-01|421|421|1|17|4|1|2023-09-24|2023-09-24
000422|curso anterior|2023-03-01|422|422|1|17|4|1|2023-09-24|2023-09-24
000423|curso anterior|2023-03-01|423|423|1|17|4|1|2023-09-24|2023-09-24
000424|curso anterior|2023-03-01|424|424|1|17|4|1|2023-09-24|2023-09-24
000425|curso anterior|2023-03-01|425|425|1|17|4|1|2023-09-24|2023-09-24
000426|curso anterior|2023-03-01|426|426|1|18|4|1|2023-09-24|2023-09-24
000427|curso anterior|2023-03-01|427|427|1|18|4|1|2023-09-24|2023-09-24
000428|curso anterior|2023-03-01|428|428|1|18|4|1|2023-09-24|2023-09-24
000429|curso anterior|2023-03-01|429|429|1|18|4|1|2023-09-24|2023-09-24
000430|curso anterior|2023-03-01|430|430|1|18|4|1|2023-09-24|2023-09-24
000431|curso anterior|2023-03-01|431|431|1|18|4|1|2023-09-24|2023-09-24
000432|curso anterior|2023-03-01|432|432|1|18|4|1|2023-09-24|2023-09-24
000433|curso anterior|2023-03-01|433|433|1|18|4|1|2023-09-24|2023-09-24
000434|curso anterior|2023-03-01|434|434|1|18|4|1|2023-09-24|2023-09-24
000435|curso anterior|2023-03-01|435|435|1|18|4|1|2023-09-24|2023-09-24
000436|curso anterior|2023-03-01|436|436|1|18|4|1|2023-09-24|2023-09-24
000437|curso anterior|2023-03-01|437|437|1|18|4|1|2023-09-24|2023-09-24
000438|curso anterior|2023-03-01|438|438|1|18|4|1|2023-09-24|2023-09-24
000439|curso anterior|2023-03-01|439|439|1|18|4|1|2023-09-24|2023-09-24
000440|curso anterior|2023-03-01|440|440|1|18|4|1|2023-09-24|2023-09-24
000441|curso anterior|2023-03-01|441|441|1|18|4|1|2023-09-24|2023-09-24
000442|curso anterior|2023-03-01|442|442|1|18|4|1|2023-09-24|2023-09-24
000443|curso anterior|2023-03-01|443|443|1|18|4|1|2023-09-24|2023-09-24
000444|curso anterior|2023-03-01|444|444|1|18|4|1|2023-09-24|2023-09-24
000445|curso anterior|2023-03-01|445|445|1|18|4|1|2023-09-24|2023-09-24
000446|curso anterior|2023-03-01|446|446|1|18|4|1|2023-09-24|2023-09-24
000447|curso anterior|2023-03-01|447|447|1|18|4|1|2023-09-24|2023-09-24
000448|curso anterior|2023-03-01|448|448|1|18|4|1|2023-09-24|2023-09-24
000449|curso anterior|2023-03-01|449|449|1|18|4|1|2023-09-24|2023-09-24
000450|curso anterior|2023-03-01|450|450|1|18|4|1|2023-09-24|2023-09-24
000451|curso anterior|2023-03-01|451|451|1|19|4|1|2023-09-24|2023-09-24
000452|curso anterior|2023-03-01|452|452|1|19|4|1|2023-09-24|2023-09-24
000453|curso anterior|2023-03-01|453|453|1|19|4|1|2023-09-24|2023-09-24
000454|curso anterior|2023-03-01|454|454|1|19|4|1|2023-09-24|2023-09-24
000455|curso anterior|2023-03-01|455|455|1|19|4|1|2023-09-24|2023-09-24
000456|curso anterior|2023-03-01|456|456|1|19|4|1|2023-09-24|2023-09-24
000457|curso anterior|2023-03-01|457|457|1|19|4|1|2023-09-24|2023-09-24
000458|curso anterior|2023-03-01|458|458|1|19|4|1|2023-09-24|2023-09-24
000459|curso anterior|2023-03-01|459|459|1|19|4|1|2023-09-24|2023-09-24
000460|curso anterior|2023-03-01|460|460|1|19|4|1|2023-09-24|2023-09-24
000461|curso anterior|2023-03-01|461|461|1|19|4|1|2023-09-24|2023-09-24
000462|curso anterior|2023-03-01|462|462|1|19|4|1|2023-09-24|2023-09-24
000463|curso anterior|2023-03-01|463|463|1|19|4|1|2023-09-24|2023-09-24
000464|curso anterior|2023-03-01|464|464|1|19|4|1|2023-09-24|2023-09-24
000465|curso anterior|2023-03-01|465|465|1|19|4|1|2023-09-24|2023-09-24
000466|curso anterior|2023-03-01|466|466|1|19|4|1|2023-09-24|2023-09-24
000467|curso anterior|2023-03-01|467|467|1|19|4|1|2023-09-24|2023-09-24
000468|curso anterior|2023-03-01|468|468|1|19|4|1|2023-09-24|2023-09-24
000469|curso anterior|2023-03-01|469|469|1|19|4|1|2023-09-24|2023-09-24
000470|curso anterior|2023-03-01|470|470|1|19|4|1|2023-09-24|2023-09-24
000471|curso anterior|2023-03-01|471|471|1|19|4|1|2023-09-24|2023-09-24
000472|curso anterior|2023-03-01|472|472|1|19|4|1|2023-09-24|2023-09-24
000473|curso anterior|2023-03-01|473|473|1|19|4|1|2023-09-24|2023-09-24
000474|curso anterior|2023-03-01|474|474|1|19|4|1|2023-09-24|2023-09-24
000475|curso anterior|2023-03-01|475|475|1|19|4|1|2023-09-24|2023-09-24
000476|curso anterior|2023-03-01|476|476|1|20|4|1|2023-09-24|2023-09-24
000477|curso anterior|2023-03-01|477|477|1|20|4|1|2023-09-24|2023-09-24
000478|curso anterior|2023-03-01|478|478|1|20|4|1|2023-09-24|2023-09-24
000479|curso anterior|2023-03-01|479|479|1|20|4|1|2023-09-24|2023-09-24
000480|curso anterior|2023-03-01|480|480|1|20|4|1|2023-09-24|2023-09-24
000481|curso anterior|2023-03-01|481|481|1|20|4|1|2023-09-24|2023-09-24
000482|curso anterior|2023-03-01|482|482|1|20|4|1|2023-09-24|2023-09-24
000483|curso anterior|2023-03-01|483|483|1|20|4|1|2023-09-24|2023-09-24
000484|curso anterior|2023-03-01|484|484|1|20|4|1|2023-09-24|2023-09-24
000485|curso anterior|2023-03-01|485|485|1|20|4|1|2023-09-24|2023-09-24
000486|curso anterior|2023-03-01|486|486|1|20|4|1|2023-09-24|2023-09-24
000487|curso anterior|2023-03-01|487|487|1|20|4|1|2023-09-24|2023-09-24
000488|curso anterior|2023-03-01|488|488|1|20|4|1|2023-09-24|2023-09-24
000489|curso anterior|2023-03-01|489|489|1|20|4|1|2023-09-24|2023-09-24
000490|curso anterior|2023-03-01|490|490|1|20|4|1|2023-09-24|2023-09-24
000491|curso anterior|2023-03-01|491|491|1|20|4|1|2023-09-24|2023-09-24
000492|curso anterior|2023-03-01|492|492|1|20|4|1|2023-09-24|2023-09-24
000493|curso anterior|2023-03-01|493|493|1|20|4|1|2023-09-24|2023-09-24
000494|curso anterior|2023-03-01|494|494|1|20|4|1|2023-09-24|2023-09-24
000495|curso anterior|2023-03-01|495|495|1|20|4|1|2023-09-24|2023-09-24
000496|curso anterior|2023-03-01|496|496|1|20|4|1|2023-09-24|2023-09-24
000497|curso anterior|2023-03-01|497|497|1|20|4|1|2023-09-24|2023-09-24
000498|curso anterior|2023-03-01|498|498|1|20|4|1|2023-09-24|2023-09-24
000499|curso anterior|2023-03-01|499|499|1|20|4|1|2023-09-24|2023-09-24
000500|curso anterior|2023-03-01|500|500|1|20|4|1|2023-09-24|2023-09-24
000501|curso anterior|2023-03-01|501|501|1|21|4|1|2023-09-24|2023-09-24
000502|curso anterior|2023-03-01|502|502|1|21|4|1|2023-09-24|2023-09-24
000503|curso anterior|2023-03-01|503|503|1|21|4|1|2023-09-24|2023-09-24
000504|curso anterior|2023-03-01|504|504|1|21|4|1|2023-09-24|2023-09-24
000505|curso anterior|2023-03-01|505|505|1|21|4|1|2023-09-24|2023-09-24
000506|curso anterior|2023-03-01|506|506|1|21|4|1|2023-09-24|2023-09-24
000507|curso anterior|2023-03-01|507|507|1|21|4|1|2023-09-24|2023-09-24
000508|curso anterior|2023-03-01|508|508|1|21|4|1|2023-09-24|2023-09-24
000509|curso anterior|2023-03-01|509|509|1|21|4|1|2023-09-24|2023-09-24
000510|curso anterior|2023-03-01|510|510|1|21|4|1|2023-09-24|2023-09-24
000511|curso anterior|2023-03-01|511|511|1|21|4|1|2023-09-24|2023-09-24
000512|curso anterior|2023-03-01|512|512|1|21|4|1|2023-09-24|2023-09-24
000513|curso anterior|2023-03-01|513|513|1|21|4|1|2023-09-24|2023-09-24
000514|curso anterior|2023-03-01|514|514|1|21|4|1|2023-09-24|2023-09-24
000515|curso anterior|2023-03-01|515|515|1|21|4|1|2023-09-24|2023-09-24
000516|curso anterior|2023-03-01|516|516|1|21|4|1|2023-09-24|2023-09-24
000517|curso anterior|2023-03-01|517|517|1|21|4|1|2023-09-24|2023-09-24
000518|curso anterior|2023-03-01|518|518|1|21|4|1|2023-09-24|2023-09-24
000519|curso anterior|2023-03-01|519|519|1|21|4|1|2023-09-24|2023-09-24
000520|curso anterior|2023-03-01|520|520|1|21|4|1|2023-09-24|2023-09-24
000521|curso anterior|2023-03-01|521|521|1|21|4|1|2023-09-24|2023-09-24
000522|curso anterior|2023-03-01|522|522|1|21|4|1|2023-09-24|2023-09-24
000523|curso anterior|2023-03-01|523|523|1|21|4|1|2023-09-24|2023-09-24
000524|curso anterior|2023-03-01|524|524|1|21|4|1|2023-09-24|2023-09-24
000525|curso anterior|2023-03-01|525|525|1|21|4|1|2023-09-24|2023-09-24
000526|curso anterior|2023-03-01|526|526|1|22|4|1|2023-09-24|2023-09-24
000527|curso anterior|2023-03-01|527|527|1|22|4|1|2023-09-24|2023-09-24
000528|curso anterior|2023-03-01|528|528|1|22|4|1|2023-09-24|2023-09-24
000529|curso anterior|2023-03-01|529|529|1|22|4|1|2023-09-24|2023-09-24
000530|curso anterior|2023-03-01|530|530|1|22|4|1|2023-09-24|2023-09-24
000531|curso anterior|2023-03-01|531|531|1|22|4|1|2023-09-24|2023-09-24
000532|curso anterior|2023-03-01|532|532|1|22|4|1|2023-09-24|2023-09-24
000533|curso anterior|2023-03-01|533|533|1|22|4|1|2023-09-24|2023-09-24
000534|curso anterior|2023-03-01|534|534|1|22|4|1|2023-09-24|2023-09-24
000535|curso anterior|2023-03-01|535|535|1|22|4|1|2023-09-24|2023-09-24
000536|curso anterior|2023-03-01|536|536|1|22|4|1|2023-09-24|2023-09-24
000537|curso anterior|2023-03-01|537|537|1|22|4|1|2023-09-24|2023-09-24
000538|curso anterior|2023-03-01|538|538|1|22|4|1|2023-09-24|2023-09-24
000539|curso anterior|2023-03-01|539|539|1|22|4|1|2023-09-24|2023-09-24
000540|curso anterior|2023-03-01|540|540|1|22|4|1|2023-09-24|2023-09-24
000541|curso anterior|2023-03-01|541|541|1|22|4|1|2023-09-24|2023-09-24
000542|curso anterior|2023-03-01|542|542|1|22|4|1|2023-09-24|2023-09-24
000543|curso anterior|2023-03-01|543|543|1|22|4|1|2023-09-24|2023-09-24
000544|curso anterior|2023-03-01|544|544|1|22|4|1|2023-09-24|2023-09-24
000545|curso anterior|2023-03-01|545|545|1|22|4|1|2023-09-24|2023-09-24
000546|curso anterior|2023-03-01|546|546|1|22|4|1|2023-09-24|2023-09-24
000547|curso anterior|2023-03-01|547|547|1|22|4|1|2023-09-24|2023-09-24
000548|curso anterior|2023-03-01|548|548|1|22|4|1|2023-09-24|2023-09-24
000549|curso anterior|2023-03-01|549|549|1|22|4|1|2023-09-24|2023-09-24
000550|curso anterior|2023-03-01|550|550|1|22|4|1|2023-09-24|2023-09-24
000551|curso anterior|2023-03-01|551|551|1|23|4|1|2023-09-24|2023-09-24
000552|curso anterior|2023-03-01|552|552|1|23|4|1|2023-09-24|2023-09-24
000553|curso anterior|2023-03-01|553|553|1|23|4|1|2023-09-24|2023-09-24
000554|curso anterior|2023-03-01|554|554|1|23|4|1|2023-09-24|2023-09-24
000555|curso anterior|2023-03-01|555|555|1|23|4|1|2023-09-24|2023-09-24
000556|curso anterior|2023-03-01|556|556|1|23|4|1|2023-09-24|2023-09-24
000557|curso anterior|2023-03-01|557|557|1|23|4|1|2023-09-24|2023-09-24
000558|curso anterior|2023-03-01|558|558|1|23|4|1|2023-09-24|2023-09-24
000559|curso anterior|2023-03-01|559|559|1|23|4|1|2023-09-24|2023-09-24
000560|curso anterior|2023-03-01|560|560|1|23|4|1|2023-09-24|2023-09-24
000561|curso anterior|2023-03-01|561|561|1|23|4|1|2023-09-24|2023-09-24
000562|curso anterior|2023-03-01|562|562|1|23|4|1|2023-09-24|2023-09-24
000563|curso anterior|2023-03-01|563|563|1|23|4|1|2023-09-24|2023-09-24
000564|curso anterior|2023-03-01|564|564|1|23|4|1|2023-09-24|2023-09-24
000565|curso anterior|2023-03-01|565|565|1|23|4|1|2023-09-24|2023-09-24
000566|curso anterior|2023-03-01|566|566|1|23|4|1|2023-09-24|2023-09-24
000567|curso anterior|2023-03-01|567|567|1|23|4|1|2023-09-24|2023-09-24
000568|curso anterior|2023-03-01|568|568|1|23|4|1|2023-09-24|2023-09-24
000569|curso anterior|2023-03-01|569|569|1|23|4|1|2023-09-24|2023-09-24
000570|curso anterior|2023-03-01|570|570|1|23|4|1|2023-09-24|2023-09-24
000571|curso anterior|2023-03-01|571|571|1|23|4|1|2023-09-24|2023-09-24
000572|curso anterior|2023-03-01|572|572|1|23|4|1|2023-09-24|2023-09-24
000573|curso anterior|2023-03-01|573|573|1|23|4|1|2023-09-24|2023-09-24
000574|curso anterior|2023-03-01|574|574|1|23|4|1|2023-09-24|2023-09-24
000575|curso anterior|2023-03-01|575|575|1|23|4|1|2023-09-24|2023-09-24
000576|curso anterior|2023-03-01|576|576|1|24|4|1|2023-09-24|2023-09-24
000577|curso anterior|2023-03-01|577|577|1|24|4|1|2023-09-24|2023-09-24
000578|curso anterior|2023-03-01|578|578|1|24|4|1|2023-09-24|2023-09-24
000579|curso anterior|2023-03-01|579|579|1|24|4|1|2023-09-24|2023-09-24
000580|curso anterior|2023-03-01|580|580|1|24|4|1|2023-09-24|2023-09-24
000581|curso anterior|2023-03-01|581|581|1|24|4|1|2023-09-24|2023-09-24
000582|curso anterior|2023-03-01|582|582|1|24|4|1|2023-09-24|2023-09-24
000583|curso anterior|2023-03-01|583|583|1|24|4|1|2023-09-24|2023-09-24
000584|curso anterior|2023-03-01|584|584|1|24|4|1|2023-09-24|2023-09-24
000585|curso anterior|2023-03-01|585|585|1|24|4|1|2023-09-24|2023-09-24
000586|curso anterior|2023-03-01|586|586|1|24|4|1|2023-09-24|2023-09-24
000587|curso anterior|2023-03-01|587|587|1|24|4|1|2023-09-24|2023-09-24
000588|curso anterior|2023-03-01|588|588|1|24|4|1|2023-09-24|2023-09-24
000589|curso anterior|2023-03-01|589|589|1|24|4|1|2023-09-24|2023-09-24
000590|curso anterior|2023-03-01|590|590|1|24|4|1|2023-09-24|2023-09-24
000591|curso anterior|2023-03-01|591|591|1|24|4|1|2023-09-24|2023-09-24
000592|curso anterior|2023-03-01|592|592|1|24|4|1|2023-09-24|2023-09-24
000593|curso anterior|2023-03-01|593|593|1|24|4|1|2023-09-24|2023-09-24
000594|curso anterior|2023-03-01|594|594|1|24|4|1|2023-09-24|2023-09-24
000595|curso anterior|2023-03-01|595|595|1|24|4|1|2023-09-24|2023-09-24
000596|curso anterior|2023-03-01|596|596|1|24|4|1|2023-09-24|2023-09-24
000597|curso anterior|2023-03-01|597|597|1|24|4|1|2023-09-24|2023-09-24
000598|curso anterior|2023-03-01|598|598|1|24|4|1|2023-09-24|2023-09-24
000599|curso anterior|2023-03-01|599|599|1|24|4|1|2023-09-24|2023-09-24
000600|curso anterior|2023-03-01|600|600|1|24|4|1|2023-09-24|2023-09-24