nota|matriculaId|evaluacionId|annoId|periodoId|colegioId|cursoId|cursoprofesorId|createdAt|updatedAt
2.9|000451|1|4|1|1|19|1|2023-09-24|2023-09-24
7|000452|1|4|1|1|19|1|2023-09-24|2023-09-24
3.9|000453|1|4|1|1|19|1|2023-09-24|2023-09-24
5.3|000454|1|4|1|1|19|1|2023-09-24|2023-09-24
3.7|000455|1|4|1|1|19|1|2023-09-24|2023-09-24
6.5|000456|1|4|1|1|19|1|2023-09-24|2023-09-24
6.1|000457|1|4|1|1|19|1|2023-09-24|2023-09-24
4|000458|1|4|1|1|19|1|2023-09-24|2023-09-24
3.4|000459|1|4|1|1|19|1|2023-09-24|2023-09-24
6.4|000460|1|4|1|1|19|1|2023-09-24|2023-09-24
3.6|000461|1|4|1|1|19|1|2023-09-24|2023-09-24
1.2|000462|1|4|1|1|19|1|2023-09-24|2023-09-24
7|000463|1|4|1|1|19|1|2023-09-24|2023-09-24
3.8|000464|1|4|1|1|19|1|2023-09-24|2023-09-24
6.8|000465|1|4|1|1|19|1|2023-09-24|2023-09-24
4.8|000466|1|4|1|1|19|1|2023-09-24|2023-09-24
4.6|000467|1|4|1|1|19|1|2023-09-24|2023-09-24
4.5|000468|1|4|1|1|19|1|2023-09-24|2023-09-24
5.2|000469|1|4|1|1|19|1|2023-09-24|2023-09-24
2.6|000470|1|4|1|1|19|1|2023-09-24|2023-09-24
5.4|000471|1|4|1|1|19|1|2023-09-24|2023-09-24
7|000472|1|4|1|1|19|1|2023-09-24|2023-09-24
6.6|000473|1|4|1|1|19|1|2023-09-24|2023-09-24
3.9|000474|1|4|1|1|19|1|2023-09-24|2023-09-24
5.7|000475|1|4|1|1|19|1|2023-09-24|2023-09-24
6.2|000451|2|4|1|1|19|1|2023-09-24|2023-09-24
4.8|000452|2|4|1|1|19|1|2023-09-24|2023-09-24
4.1|000453|2|4|1|1|19|1|2023-09-24|2023-09-24
5.9|000454|2|4|1|1|19|1|2023-09-24|2023-09-24
5.5|000455|2|4|1|1|19|1|2023-09-24|2023-09-24
6.1|000456|2|4|1|1|19|1|2023-09-24|2023-09-24
3.6|000457|2|4|1|1|19|1|2023-09-24|2023-09-24
3.5|000458|2|4|1|1|19|1|2023-09-24|2023-09-24
3.2|000459|2|4|1|1|19|1|2023-09-24|2023-09-24
5.9|000460|2|4|1|1|19|1|2023-09-24|2023-09-24
4.1|000461|2|4|1|1|19|1|2023-09-24|2023-09-24
1.4|000462|2|4|1|1|19|1|2023-09-24|2023-09-24
3.6|000463|2|4|1|1|19|1|2023-09-24|2023-09-24
3.8|000464|2|4|1|1|19|1|2023-09-24|2023-09-24
3.7|000465|2|4|1|1|19|1|2023-09-24|2023-09-24
3.2|000466|2|4|1|1|19|1|2023-09-24|2023-09-24
6.2|000467|2|4|1|1|19|1|2023-09-24|2023-09-24
7|000468|2|4|1|1|19|1|2023-09-24|2023-09-24
6.2|000469|2|4|1|1|19|1|2023-09-24|2023-09-24
4|000470|2|4|1|1|19|1|2023-09-24|2023-09-24
4.7|000471|2|4|1|1|19|1|2023-09-24|2023-09-24
1.7|000472|2|4|1|1|19|1|2023-09-24|2023-09-24
4.3|000473|2|4|1|1|19|1|2023-09-24|2023-09-24
4.8|000474|2|4|1|1|19|1|2023-09-24|2023-09-24
3.2|000475|2|4|1|1|19|1|2023-09-24|2023-09-24
3|000451|3|4|1|1|19|1|2023-09-24|2023-09-24
4.6|000452|3|4|1|1|19|1|2023-09-24|2023-09-24
4.2|000453|3|4|1|1|19|1|2023-09-24|2023-09-24
5.3|000454|3|4|1|1|19|1|2023-09-24|2023-09-24
6.2|000455|3|4|1|1|19|1|2023-09-24|2023-09-24
6.4|000456|3|4|1|1|19|1|2023-09-24|2023-09-24
5.1|000457|3|4|1|1|19|1|2023-09-24|2023-09-24
2.7|000458|3|4|1|1|19|1|2023-09-24|2023-09-24
5.2|000459|3|4|1|1|19|1|2023-09-24|2023-09-24
3.3|000460|3|4|1|1|19|1|2023-09-24|2023-09-24
5.1|000461|3|4|1|1|19|1|2023-09-24|2023-09-24
3.1|000462|3|4|1|1|19|1|2023-09-24|2023-09-24
3.2|000463|3|4|1|1|19|1|2023-09-24|2023-09-24
2.4|000464|3|4|1|1|19|1|2023-09-24|2023-09-24
5.6|000465|3|4|1|1|19|1|2023-09-24|2023-09-24
3.5|000466|3|4|1|1|19|1|2023-09-24|2023-09-24
6.2|000467|3|4|1|1|19|1|2023-09-24|2023-09-24
3.3|000468|3|4|1|1|19|1|2023-09-24|2023-09-24
4.7|000469|3|4|1|1|19|1|2023-09-24|2023-09-24
3|000470|3|4|1|1|19|1|2023-09-24|2023-09-24
6.7|000471|3|4|1|1|19|1|2023-09-24|2023-09-24
2.5|000472|3|4|1|1|19|1|2023-09-24|2023-09-24
4.3|000473|3|4|1|1|19|1|2023-09-24|2023-09-24
3.2|000474|3|4|1|1|19|1|2023-09-24|2023-09-24
6|000475|3|4|1|1|19|1|2023-09-24|2023-09-24
5.6|000451|4|4|1|1|19|1|2023-09-24|2023-09-24
3|000452|4|4|1|1|19|1|2023-09-24|2023-09-24
5.5|000453|4|4|1|1|19|1|2023-09-24|2023-09-24
4.5|000454|4|4|1|1|19|1|2023-09-24|2023-09-24
6.6|000455|4|4|1|1|19|1|2023-09-24|2023-09-24
3.7|000456|4|4|1|1|19|1|2023-09-24|2023-09-24
6|000457|4|4|1|1|19|1|2023-09-24|2023-09-24
3.1|000458|4|4|1|1|19|1|2023-09-24|2023-09-24
2.4|000459|4|4|1|1|19|1|2023-09-24|2023-09-24
4.3|000460|4|4|1|1|19|1|2023-09-24|2023-09-24
5.5|000461|4|4|1|1|19|1|2023-09-24|2023-09-24
6.9|000462|4|4|1|1|19|1|2023-09-24|2023-09-24
4.1|000463|4|4|1|1|19|1|2023-09-24|2023-09-24
5.3|000464|4|4|1|1|19|1|2023-09-24|2023-09-24
6.6|000465|4|4|1|1|19|1|2023-09-24|2023-09-24
2.9|000466|4|4|1|1|19|1|2023-09-24|2023-09-24
4.5|000467|4|4|1|1|19|1|2023-09-24|2023-09-24
4.7|000468|4|4|1|1|19|1|2023-09-24|2023-09-24
5.1|000469|4|4|1|1|19|1|2023-09-24|2023-09-24
4.4|000470|4|4|1|1|19|1|2023-09-24|2023-09-24
5.1|000471|4|4|1|1|19|1|2023-09-24|2023-09-24
2.5|000472|4|4|1|1|19|1|2023-09-24|2023-09-24
5.2|000473|4|4|1|1|19|1|2023-09-24|2023-09-24
3.9|000474|4|4|1|1|19|1|2023-09-24|2023-09-24
4.4|000475|4|4|1|1|19|1|2023-09-24|2023-09-24
4.6|000451|5|4|1|1|19|2|2023-09-24|2023-09-24
5.7|000452|5|4|1|1|19|2|2023-09-24|2023-09-24
3.9|000453|5|4|1|1|19|2|2023-09-24|2023-09-24
5.1|000454|5|4|1|1|19|2|2023-09-24|2023-09-24
4.1|000455|5|4|1|1|19|2|2023-09-24|2023-09-24
6.8|000456|5|4|1|1|19|2|2023-09-24|2023-09-24
5.7|000457|5|4|1|1|19|2|2023-09-24|2023-09-24
3.9|000458|5|4|1|1|19|2|2023-09-24|2023-09-24
3.1|000459|5|4|1|1|19|2|2023-09-24|2023-09-24
6.6|000460|5|4|1|1|19|2|2023-09-24|2023-09-24
4.4|000461|5|4|1|1|19|2|2023-09-24|2023-09-24
2.9|000462|5|4|1|1|19|2|2023-09-24|2023-09-24
7|000463|5|4|1|1|19|2|2023-09-24|2023-09-24
3.9|000464|5|4|1|1|19|2|2023-09-24|2023-09-24
6.8|000465|5|4|1|1|19|2|2023-09-24|2023-09-24
5.4|000466|5|4|1|1|19|2|2023-09-24|2023-09-24
5.4|000467|5|4|1|1|19|2|2023-09-24|2023-09-24
4.1|000468|5|4|1|1|19|2|2023-09-24|2023-09-24
3.6|000469|5|4|1|1|19|2|2023-09-24|2023-09-24
3.2|000470|5|4|1|1|19|2|2023-09-24|2023-09-24
5|000471|5|4|1|1|19|2|2023-09-24|2023-09-24
7|000472|5|4|1|1|19|2|2023-09-24|2023-09-24
7|000473|5|4|1|1|19|2|2023-09-24|2023-09-24
3.8|000474|5|4|1|1|19|2|2023-09-24|2023-09-24
4.8|000475|5|4|1|1|19|2|2023-09-24|2023-09-24
6.5|000451|6|4|1|1|19|2|2023-09-24|2023-09-24
4|000452|6|4|1|1|19|2|2023-09-24|2023-09-24
3.6|000453|6|4|1|1|19|2|2023-09-24|2023-09-24
5.8|000454|6|4|1|1|19|2|2023-09-24|2023-09-24
6.5|000455|6|4|1|1|19|2|2023-09-24|2023-09-24
6.5|000456|6|4|1|1|19|2|2023-09-24|2023-09-24
4.5|000457|6|4|1|1|19|2|2023-09-24|2023-09-24
4.2|000458|6|4|1|1|19|2|2023-09-24|2023-09-24
3.5|000459|6|4|1|1|19|2|2023-09-24|2023-09-24
6.4|000460|6|4|1|1|19|2|2023-09-24|2023-09-24
4|000461|6|4|1|1|19|2|2023-09-24|2023-09-24
2.7|000462|6|4|1|1|19|2|2023-09-24|2023-09-24
3.4|000463|6|4|1|1|19|2|2023-09-24|2023-09-24
4|000464|6|4|1|1|19|2|2023-09-24|2023-09-24
3.5|000465|6|4|1|1|19|2|2023-09-24|2023-09-24
1.9|000466|6|4|1|1|19|2|2023-09-24|2023-09-24
5.6|000467|6|4|1|1|19|2|2023-09-24|2023-09-24
5.8|000468|6|4|1|1|19|2|2023-09-24|2023-09-24
5.8|000469|6|4|1|1|19|2|2023-09-24|2023-09-24
4.3|000470|6|4|1|1|19|2|2023-09-24|2023-09-24
3.7|000471|6|4|1|1|19|2|2023-09-24|2023-09-24
2.3|000472|6|4|1|1|19|2|2023-09-24|2023-09-24
5.3|000473|6|4|1|1|19|2|2023-09-24|2023-09-24
3.5|000474|6|4|1|1|19|2|2023-09-24|2023-09-24
3.2|000475|6|4|1|1|19|2|2023-09-24|2023-09-24
2.6|000451|7|4|1|1|19|2|2023-09-24|2023-09-24
4.5|000452|7|4|1|1|19|2|2023-09-24|2023-09-24
3.1|000453|7|4|1|1|19|2|2023-09-24|2023-09-24
3.7|000454|7|4|1|1|19|2|2023-09-24|2023-09-24
4.9|000455|7|4|1|1|19|2|2023-09-24|2023-09-24
5.7|000456|7|4|1|1|19|2|2023-09-24|2023-09-24
5.3|000457|7|4|1|1|19|2|2023-09-24|2023-09-24
2.1|000458|7|4|1|1|19|2|2023-09-24|2023-09-24
4.1|000459|7|4|1|1|19|2|2023-09-24|2023-09-24
3.5|000460|7|4|1|1|19|2|2023-09-24|2023-09-24
6.8|000461|7|4|1|1|19|2|2023-09-24|2023-09-24
3.4|000462|7|4|1|1|19|2|2023-09-24|2023-09-24
2.4|000463|7|4|1|1|19|2|2023-09-24|2023-09-24
2.7|000464|7|4|1|1|19|2|2023-09-24|2023-09-24
6.2|000465|7|4|1|1|19|2|2023-09-24|2023-09-24
2.6|000466|7|4|1|1|19|2|2023-09-24|2023-09-24
4.6|000467|7|4|1|1|19|2|2023-09-24|2023-09-24
2.6|000468|7|4|1|1|19|2|2023-09-24|2023-09-24
4.6|000469|7|4|1|1|19|2|2023-09-24|2023-09-24
2.4|000470|7|4|1|1|19|2|2023-09-24|2023-09-24
7|000471|7|4|1|1|19|2|2023-09-24|2023-09-24
2.7|000472|7|4|1|1|19|2|2023-09-24|2023-09-24
5.2|000473|7|4|1|1|19|2|2023-09-24|2023-09-24
3.2|000474|7|4|1|1|19|2|2023-09-24|2023-09-24
7|000475|7|4|1|1|19|2|2023-09-24|2023-09-24
4.1|000451|8|4|1|1|19|2|2023-09-24|2023-09-24
2.6|000452|8|4|1|1|19|2|2023-09-24|2023-09-24
5.5|000453|8|4|1|1|19|2|2023-09-24|2023-09-24
4.5|000454|8|4|1|1|19|2|2023-09-24|2023-09-24
5|000455|8|4|1|1|19|2|2023-09-24|2023-09-24
3|000456|8|4|1|1|19|2|2023-09-24|2023-09-24
5.7|000457|8|4|1|1|19|2|2023-09-24|2023-09-24
2.9|000458|8|4|1|1|19|2|2023-09-24|2023-09-24
2.7|000459|8|4|1|1|19|2|2023-09-24|2023-09-24
3.5|000460|8|4|1|1|19|2|2023-09-24|2023-09-24
5.6|000461|8|4|1|1|19|2|2023-09-24|2023-09-24
6.6|000462|8|4|1|1|19|2|2023-09-24|2023-09-24
3.8|000463|8|4|1|1|19|2|2023-09-24|2023-09-24
4.5|000464|8|4|1|1|19|2|2023-09-24|2023-09-24
7|000465|8|4|1|1|19|2|2023-09-24|2023-09-24
1.8|000466|8|4|1|1|19|2|2023-09-24|2023-09-24
4.9|000467|8|4|1|1|19|2|2023-09-24|2023-09-24
6.3|000468|8|4|1|1|19|2|2023-09-24|2023-09-24
5.4|000469|8|4|1|1|19|2|2023-09-24|2023-09-24
3.9|000470|8|4|1|1|19|2|2023-09-24|2023-09-24
4.8|000471|8|4|1|1|19|2|2023-09-24|2023-09-24
3.3|000472|8|4|1|1|19|2|2023-09-24|2023-09-24
5.3|000473|8|4|1|1|19|2|2023-09-24|2023-09-24
5.3|000474|8|4|1|1|19|2|2023-09-24|2023-09-24
5.2|000475|8|4|1|1|19|2|2023-09-24|2023-09-24
3.2|000451|9|4|1|1|19|3|2023-09-24|2023-09-24
6.5|000452|9|4|1|1|19|3|2023-09-24|2023-09-24
4.3|000453|9|4|1|1|19|3|2023-09-24|2023-09-24
4.4|000454|9|4|1|1|19|3|2023-09-24|2023-09-24
3.8|000455|9|4|1|1|19|3|2023-09-24|2023-09-24
5.4|000456|9|4|1|1|19|3|2023-09-24|2023-09-24
4.7|000457|9|4|1|1|19|3|2023-09-24|2023-09-24
4.5|000458|9|4|1|1|19|3|2023-09-24|2023-09-24
3.6|000459|9|4|1|1|19|3|2023-09-24|2023-09-24
5.4|000460|9|4|1|1|19|3|2023-09-24|2023-09-24
4|000461|9|4|1|1|19|3|2023-09-24|2023-09-24
2.6|000462|9|4|1|1|19|3|2023-09-24|2023-09-24
6.5|000463|9|4|1|1|19|3|2023-09-24|2023-09-24
3.1|000464|9|4|1|1|19|3|2023-09-24|2023-09-24
6.9|000465|9|4|1|1|19|3|2023-09-24|2023-09-24
5.8|000466|9|4|1|1|19|3|2023-09-24|2023-09-24
4.9|000467|9|4|1|1|19|3|2023-09-24|2023-09-24
4.6|000468|9|4|1|1|19|3|2023-09-24|2023-09-24
4.7|000469|9|4|1|1|19|3|2023-09-24|2023-09-24
4.1|000470|9|4|1|1|19|3|2023-09-24|2023-09-24
4.5|000471|9|4|1|1|19|3|2023-09-24|2023-09-24
7|000472|9|4|1|1|19|3|2023-09-24|2023-09-24
6.3|000473|9|4|1|1|19|3|2023-09-24|2023-09-24
4.3|000474|9|4|1|1|19|3|2023-09-24|2023-09-24
4.8|000475|9|4|1|1|19|3|2023-09-24|2023-09-24
6.1|000451|10|4|1|1|19|3|2023-09-24|2023-09-24
3.9|000452|10|4|1|1|19|3|2023-09-24|2023-09-24
4.6|000453|10|4|1|1|19|3|2023-09-24|2023-09-24
7|000454|10|4|1|1|19|3|2023-09-24|2023-09-24
5.2|000455|10|4|1|1|19|3|2023-09-24|2023-09-24
7|000456|10|4|1|1|19|3|2023-09-24|2023-09-24
4.1|000457|10|4|1|1|19|3|2023-09-24|2023-09-24
4.5|000458|10|4|1|1|19|3|2023-09-24|2023-09-24
4.2|000459|10|4|1|1|19|3|2023-09-24|2023-09-24
6|000460|10|4|1|1|19|3|2023-09-24|2023-09-24
3.7|000461|10|4|1|1|19|3|2023-09-24|2023-09-24
2.1|000462|10|4|1|1|19|3|2023-09-24|2023-09-24
3.2|000463|10|4|1|1|19|3|2023-09-24|2023-09-24
4.1|000464|10|4|1|1|19|3|2023-09-24|2023-09-24
4.2|000465|10|4|1|1|19|3|2023-09-24|2023-09-24
1.8|000466|10|4|1|1|19|3|2023-09-24|2023-09-24
4.9|000467|10|4|1|1|19|3|2023-09-24|2023-09-24
6.3|000468|10|4|1|1|19|3|2023-09-24|2023-09-24
6.9|000469|10|4|1|1|19|3|2023-09-24|2023-09-24
4.9|000470|10|4|1|1|19|3|2023-09-24|2023-09-24
3.4|000471|10|4|1|1|19|3|2023-09-24|2023-09-24
1.7|000472|10|4|1|1|19|3|2023-09-24|2023-09-24
4.8|000473|10|4|1|1|19|3|2023-09-24|2023-09-24
4.7|000474|10|4|1|1|19|3|2023-09-24|2023-09-24
3.6|000475|10|4|1|1|19|3|2023-09-24|2023-09-24
2.5|000451|11|4|1|1|19|3|2023-09-24|2023-09-24
5.3|000452|11|4|1|1|19|3|2023-09-24|2023-09-24
3.8|000453|11|4|1|1|19|3|2023-09-24|2023-09-24
4.8|000454|11|4|1|1|19|3|2023-09-24|2023-09-24
6.3|000455|11|4|1|1|19|3|2023-09-24|2023-09-24
7|000456|11|4|1|1|19|3|2023-09-24|2023-09-24
4|000457|11|4|1|1|19|3|2023-09-24|2023-09-24
3|000458|11|4|1|1|19|3|2023-09-24|2023-09-24
3.3|000459|11|4|1|1|19|3|2023-09-24|2023-09-24
2.6|000460|11|4|1|1|19|3|2023-09-24|2023-09-24
6.4|000461|11|4|1|1|19|3|2023-09-24|2023-09-24
4.2|000462|11|4|1|1|19|3|2023-09-24|2023-09-24
2.3|000463|11|4|1|1|19|3|2023-09-24|2023-09-24
2.5|000464|11|4|1|1|19|3|2023-09-24|2023-09-24
5.7|000465|11|4|1|1|19|3|2023-09-24|2023-09-24
2.6|000466|11|4|1|1|19|3|2023-09-24|2023-09-24
5.5|000467|11|4|1|1|19|3|2023-09-24|2023-09-24
2|000468|11|4|1|1|19|3|2023-09-24|2023-09-24
4.1|000469|11|4|1|1|19|3|2023-09-24|2023-09-24
2.9|000470|11|4|1|1|19|3|2023-09-24|2023-09-24
7|000471|11|4|1|1|19|3|2023-09-24|2023-09-24
3.4|000472|11|4|1|1|19|3|2023-09-24|2023-09-24
4.6|000473|11|4|1|1|19|3|2023-09-24|2023-09-24
1.8|000474|11|4|1|1|19|3|2023-09-24|2023-09-24
6.3|000475|11|4|1|1|19|3|2023-09-24|2023-09-24
4.8|000451|12|4|1|1|19|3|2023-09-24|2023-09-24
2.3|000452|12|4|1|1|19|3|2023-09-24|2023-09-24
4.8|000453|12|4|1|1|19|3|2023-09-24|2023-09-24
3.9|000454|12|4|1|1|19|3|2023-09-24|2023-09-24
5|000455|12|4|1|1|19|3|2023-09-24|2023-09-24
2.5|000456|12|4|1|1|19|3|2023-09-24|2023-09-24
5.6|000457|12|4|1|1|19|3|2023-09-24|2023-09-24
3.3|000458|12|4|1|1|19|3|2023-09-24|2023-09-24
2|000459|12|4|1|1|19|3|2023-09-24|2023-09-24
2.6|000460|12|4|1|1|19|3|2023-09-24|2023-09-24
4.9|000461|12|4|1|1|19|3|2023-09-24|2023-09-24
6.9|000462|12|4|1|1|19|3|2023-09-24|2023-09-24
4.9|000463|12|4|1|1|19|3|2023-09-24|2023-09-24
6.1|000464|12|4|1|1|19|3|2023-09-24|2023-09-24
7|000465|12|4|1|1|19|3|2023-09-24|2023-09-24
2|000466|12|4|1|1|19|3|2023-09-24|2023-09-24
3.7|000467|12|4|1|1|19|3|2023-09-24|2023-09-24
5.1|000468|12|4|1|1|19|3|2023-09-24|2023-09-24
5.9|000469|12|4|1|1|19|3|2023-09-24|2023-09-24
4.6|000470|12|4|1|1|19|3|2023-09-24|2023-09-24
5|000471|12|4|1|1|19|3|2023-09-24|2023-09-24
3.4|000472|12|4|1|1|19|3|2023-09-24|2023-09-24
6.2|000473|12|4|1|1|19|3|2023-09-24|2023-09-24
3.7|000474|12|4|1|1|19|3|2023-09-24|2023-09-24
4.7|000475|12|4|1|1|19|3|2023-09-24|2023-09-24
4.6|000451|13|4|1|1|19|4|2023-09-24|2023-09-24
6.1|000452|13|4|1|1|19|4|2023-09-24|2023-09-24
4.4|000453|13|4|1|1|19|4|2023-09-24|2023-09-24
5.4|000454|13|4|1|1|19|4|2023-09-24|2023-09-24
2.6|000455|13|4|1|1|19|4|2023-09-24|2023-09-24
6.1|000456|13|4|1|1|19|4|2023-09-24|2023-09-24
5.7|000457|13|4|1|1|19|4|2023-09-24|2023-09-24
4.7|000458|13|4|1|1|19|4|2023-09-24|2023-09-24
2.8|000459|13|4|1|1|19|4|2023-09-24|2023-09-24
6.5|000460|13|4|1|1|19|4|2023-09-24|2023-09-24
4.4|000461|13|4|1|1|19|4|2023-09-24|2023-09-24
1.5|000462|13|4|1|1|19|4|2023-09-24|2023-09-24
7|000463|13|4|1|1|19|4|2023-09-24|2023-09-24
4.9|000464|13|4|1|1|19|4|2023-09-24|2023-09-24
6.2|000465|13|4|1|1|19|4|2023-09-24|2023-09-24
4.8|000466|13|4|1|1|19|4|2023-09-24|2023-09-24
4.9|000467|13|4|1|1|19|4|2023-09-24|2023-09-24
5.5|000468|13|4|1|1|19|4|2023-09-24|2023-09-24
4.8|000469|13|4|1|1|19|4|2023-09-24|2023-09-24
4|000470|13|4|1|1|19|4|2023-09-24|2023-09-24
5.7|000471|13|4|1|1|19|4|2023-09-24|2023-09-24
7|000472|13|4|1|1|19|4|2023-09-24|2023-09-24
7|000473|13|4|1|1|19|4|2023-09-24|2023-09-24
3.1|000474|13|4|1|1|19|4|2023-09-24|2023-09-24
5.2|000475|13|4|1|1|19|4|2023-09-24|2023-09-24
6.8|000451|14|4|1|1|19|4|2023-09-24|2023-09-24
4.2|000452|14|4|1|1|19|4|2023-09-24|2023-09-24
3.2|000453|14|4|1|1|19|4|2023-09-24|2023-09-24
5.5|000454|14|4|1|1|19|4|2023-09-24|2023-09-24
4.9|000455|14|4|1|1|19|4|2023-09-24|2023-09-24
6.8|000456|14|4|1|1|19|4|2023-09-24|2023-09-24
2.7|000457|14|4|1|1|19|4|2023-09-24|2023-09-24
3.7|000458|14|4|1|1|19|4|2023-09-24|2023-09-24
4.8|000459|14|4|1|1|19|4|2023-09-24|2023-09-24
5.8|000460|14|4|1|1|19|4|2023-09-24|2023-09-24
2.6|000461|14|4|1|1|19|4|2023-09-24|2023-09-24
2.5|000462|14|4|1|1|19|4|2023-09-24|2023-09-24
4|000463|14|4|1|1|19|4|2023-09-24|2023-09-24
2.8|000464|14|4|1|1|19|4|2023-09-24|2023-09-24
3.3|000465|14|4|1|1|19|4|2023-09-24|2023-09-24
2.4|000466|14|4|1|1|19|4|2023-09-24|2023-09-24
6.3|000467|14|4|1|1|19|4|2023-09-24|2023-09-24
6.9|000468|14|4|1|1|19|4|2023-09-24|2023-09-24
6.9|000469|14|4|1|1|19|4|2023-09-24|2023-09-24
3.5|000470|14|4|1|1|19|4|2023-09-24|2023-09-24
4.2|000471|14|4|1|1|19|4|2023-09-24|2023-09-24
1.2|000472|14|4|1|1|19|4|2023-09-24|2023-09-24
4.9|000473|14|4|1|1|19|4|2023-09-24|2023-09-24
3.4|000474|14|4|1|1|19|4|2023-09-24|2023-09-24
3.2|000475|14|4|1|1|19|4|2023-09-24|2023-09-24
3.6|000451|15|4|1|1|19|4|2023-09-24|2023-09-24
5.3|000452|15|4|1|1|19|4|2023-09-24|2023-09-24
3.2|000453|15|4|1|1|19|4|2023-09-24|2023-09-24
3.6|000454|15|4|1|1|19|4|2023-09-24|2023-09-24
5.7|000455|15|4|1|1|19|4|2023-09-24|2023-09-24
6.5|000456|15|4|1|1|19|4|2023-09-24|2023-09-24
4.9|000457|15|4|1|1|19|4|2023-09-24|2023-09-24
3.8|000458|15|4|1|1|19|4|2023-09-24|2023-09-24
5.1|000459|15|4|1|1|19|4|2023-09-24|2023-09-24
2.1|000460|15|4|1|1|19|4|2023-09-24|2023-09-24
6.1|000461|15|4|1|1|19|4|2023-09-24|2023-09-24
4.5|000462|15|4|1|1|19|4|2023-09-24|2023-09-24
4|000463|15|4|1|1|19|4|2023-09-24|2023-09-24
2.6|000464|15|4|1|1|19|4|2023-09-24|2023-09-24
5.8|000465|15|4|1|1|19|4|2023-09-24|2023-09-24
3.7|000466|15|4|1|1|19|4|2023-09-24|2023-09-24
5.3|000467|15|4|1|1|19|4|2023-09-24|2023-09-24
3|000468|15|4|1|1|19|4|2023-09-24|2023-09-24
4.5|000469|15|4|1|1|19|4|2023-09-24|2023-09-24
1.9|000470|15|4|1|1|19|4|2023-09-24|2023-09-24
5.7|000471|15|4|1|1|19|4|2023-09-24|2023-09-24
2.1|000472|15|4|1|1|19|4|2023-09-24|2023-09-24
3.8|000473|15|4|1|1|19|4|2023-09-24|2023-09-24
3.3|000474|15|4|1|1|19|4|2023-09-24|2023-09-24
6.4|000475|15|4|1|1|19|4|2023-09-24|2023-09-24
5.1|000451|16|4|1|1|19|4|2023-09-24|2023-09-24
2.2|000452|16|4|1|1|19|4|2023-09-24|2023-09-24
5.2|000453|16|4|1|1|19|4|2023-09-24|2023-09-24
3.7|000454|16|4|1|1|19|4|2023-09-24|2023-09-24
6.7|000455|16|4|1|1|19|4|2023-09-24|2023-09-24
3.2|000456|16|4|1|1|19|4|2023-09-24|2023-09-24
5.5|000457|16|4|1|1|19|4|2023-09-24|2023-09-24
3|000458|16|4|1|1|19|4|2023-09-24|2023-09-24
1.5|000459|16|4|1|1|19|4|2023-09-24|2023-09-24
4.3|000460|16|4|1|1|19|4|2023-09-24|2023-09-24
5.2|000461|16|4|1|1|19|4|2023-09-24|2023-09-24
5.9|000462|16|4|1|1|19|4|2023-09-24|2023-09-24
4|000463|16|4|1|1|19|4|2023-09-24|2023-09-24
4.4|000464|16|4|1|1|19|4|2023-09-24|2023-09-24
6|000465|16|4|1|1|19|4|2023-09-24|2023-09-24
1.9|000466|16|4|1|1|19|4|2023-09-24|2023-09-24
4.6|000467|16|4|1|1|19|4|2023-09-24|2023-09-24
5.7|000468|16|4|1|1|19|4|2023-09-24|2023-09-24
6.7|000469|16|4|1|1|19|4|2023-09-24|2023-09-24
3.8|000470|16|4|1|1|19|4|2023-09-24|2023-09-24
4.4|000471|16|4|1|1|19|4|2023-09-24|2023-09-24
2.1|000472|16|4|1|1|19|4|2023-09-24|2023-09-24
5.4|000473|16|4|1|1|19|4|2023-09-24|2023-09-24
4.7|000474|16|4|1|1|19|4|2023-09-24|2023-09-24
5.1|000475|16|4|1|1|19|4|2023-09-24|2023-09-24
3.8|000451|17|4|1|1|19|5|2023-09-24|2023-09-24
6.9|000452|17|4|1|1|19|5|2023-09-24|2023-09-24
3.6|000453|17|4|1|1|19|5|2023-09-24|2023-09-24
5.5|000454|17|4|1|1|19|5|2023-09-24|2023-09-24
3.6|000455|17|4|1|1|19|5|2023-09-24|2023-09-24
5.9|000456|17|4|1|1|19|5|2023-09-24|2023-09-24
5.8|000457|17|4|1|1|19|5|2023-09-24|2023-09-24
4.5|000458|17|4|1|1|19|5|2023-09-24|2023-09-24
3|000459|17|4|1|1|19|5|2023-09-24|2023-09-24
4.8|000460|17|4|1|1|19|5|2023-09-24|2023-09-24
4.4|000461|17|4|1|1|19|5|2023-09-24|2023-09-24
2.5|000462|17|4|1|1|19|5|2023-09-24|2023-09-24
6.5|000463|17|4|1|1|19|5|2023-09-24|2023-09-24
4.3|000464|17|4|1|1|19|5|2023-09-24|2023-09-24
6.4|000465|17|4|1|1|19|5|2023-09-24|2023-09-24
5.1|000466|17|4|1|1|19|5|2023-09-24|2023-09-24
5.2|000467|17|4|1|1|19|5|2023-09-24|2023-09-24
4.6|000468|17|4|1|1|19|5|2023-09-24|2023-09-24
4.7|000469|17|4|1|1|19|5|2023-09-24|2023-09-24
3.8|000470|17|4|1|1|19|5|2023-09-24|2023-09-24
4.3|000471|17|4|1|1|19|5|2023-09-24|2023-09-24
6.5|000472|17|4|1|1|19|5|2023-09-24|2023-09-24
7|000473|17|4|1|1|19|5|2023-09-24|2023-09-24
4.2|000474|17|4|1|1|19|5|2023-09-24|2023-09-24
5|000475|17|4|1|1|19|5|2023-09-24|2023-09-24
7|000451|18|4|1|1|19|5|2023-09-24|2023-09-24
3.7|000452|18|4|1|1|19|5|2023-09-24|2023-09-24
4|000453|18|4|1|1|19|5|2023-09-24|2023-09-24
5.5|000454|18|4|1|1|19|5|2023-09-24|2023-09-24
6.3|000455|18|4|1|1|19|5|2023-09-24|2023-09-24
6.4|000456|18|4|1|1|19|5|2023-09-24|2023-09-24
4.3|000457|18|4|1|1|19|5|2023-09-24|2023-09-24
3.5|000458|18|4|1|1|19|5|2023-09-24|2023-09-24
3.3|000459|18|4|1|1|19|5|2023-09-24|2023-09-24
5.4|000460|18|4|1|1|19|5|2023-09-24|2023-09-24
3.3|000461|18|4|1|1|19|5|2023-09-24|2023-09-24
2.3|000462|18|4|1|1|19|5|2023-09-24|2023-09-24
4.2|000463|18|4|1|1|19|5|2023-09-24|2023-09-24
3.4|000464|18|4|1|1|19|5|2023-09-24|2023-09-24
2.8|000465|18|4|1|1|19|5|2023-09-24|2023-09-24
2.5|000466|18|4|1|1|19|5|2023-09-24|2023-09-24
5.1|000467|18|4|1|1|19|5|2023-09-24|2023-09-24
6|000468|18|4|1|1|19|5|2023-09-24|2023-09-24
6.9|000469|18|4|1|1|19|5|2023-09-24|2023-09-24
4.1|000470|18|4|1|1|19|5|2023-09-24|2023-09-24
4.5|000471|18|4|1|1|19|5|2023-09-24|2023-09-24
3|000472|18|4|1|1|19|5|2023-09-24|2023-09-24
5.9|000473|18|4|1|1|19|5|2023-09-24|2023-09-24
3.3|000474|18|4|1|1|19|5|2023-09-24|2023-09-24
4.6|000475|18|4|1|1|19|5|2023-09-24|2023-09-24
3.9|000451|19|4|1|1|19|5|2023-09-24|2023-09-24
5.1|000452|19|4|1|1|19|5|2023-09-24|2023-09-24
3.6|000453|19|4|1|1|19|5|2023-09-24|2023-09-24
5.3|000454|19|4|1|1|19|5|2023-09-24|2023-09-24
5.1|000455|19|4|1|1|19|5|2023-09-24|2023-09-24
6.8|000456|19|4|1|1|19|5|2023-09-24|2023-09-24
3.5|000457|19|4|1|1|19|5|2023-09-24|2023-09-24
2.2|000458|19|4|1|1|19|5|2023-09-24|2023-09-24
4.5|000459|19|4|1|1|19|5|2023-09-24|2023-09-24
2.7|000460|19|4|1|1|19|5|2023-09-24|2023-09-24
5.8|000461|19|4|1|1|19|5|2023-09-24|2023-09-24
3.5|000462|19|4|1|1|19|5|2023-09-24|2023-09-24
2.9|000463|19|4|1|1|19|5|2023-09-24|2023-09-24
2.9|000464|19|4|1|1|19|5|2023-09-24|2023-09-24
5.7|000465|19|4|1|1|19|5|2023-09-24|2023-09-24
2.1|000466|19|4|1|1|19|5|2023-09-24|2023-09-24
5.3|000467|19|4|1|1|19|5|2023-09-24|2023-09-24
2.4|000468|19|4|1|1|19|5|2023-09-24|2023-09-24
5.3|000469|19|4|1|1|19|5|2023-09-24|2023-09-24
1.5|000470|19|4|1|1|19|5|2023-09-24|2023-09-24
5.7|000471|19|4|1|1|19|5|2023-09-24|2023-09-24
3.5|000472|19|4|1|1|19|5|2023-09-24|2023-09-24
5.2|000473|19|4|1|1|19|5|2023-09-24|2023-09-24
2.1|000474|19|4|1|1|19|5|2023-09-24|2023-09-24
6.6|000475|19|4|1|1|19|5|2023-09-24|2023-09-24
3.9|000451|20|4|1|1|19|5|2023-09-24|2023-09-24
2.8|000452|20|4|1|1|19|5|2023-09-24|2023-09-24
5.7|000453|20|4|1|1|19|5|2023-09-24|2023-09-24
4.2|000454|20|4|1|1|19|5|2023-09-24|2023-09-24
6.5|000455|20|4|1|1|19|5|2023-09-24|2023-09-24
2.4|000456|20|4|1|1|19|5|2023-09-24|2023-09-24
6.4|000457|20|4|1|1|19|5|2023-09-24|2023-09-24
4.3|000458|20|4|1|1|19|5|2023-09-24|2023-09-24
2.7|000459|20|4|1|1|19|5|2023-09-24|2023-09-24
4|000460|20|4|1|1|19|5|2023-09-24|2023-09-24
4.1|000461|20|4|1|1|19|5|2023-09-24|2023-09-24
5.3|000462|20|4|1|1|19|5|2023-09-24|2023-09-24
5.2|000463|20|4|1|1|19|5|2023-09-24|2023-09-24
5.6|000464|20|4|1|1|19|5|2023-09-24|2023-09-24
7|000465|20|4|1|1|19|5|2023-09-24|2023-09-24
3|000466|20|4|1|1|19|5|2023-09-24|2023-09-24
4.8|000467|20|4|1|1|19|5|2023-09-24|2023-09-24
4.6|000468|20|4|1|1|19|5|2023-09-24|2023-09-24
6.2|000469|20|4|1|1|19|5|2023-09-24|2023-09-24
4.3|000470|20|4|1|1|19|5|2023-09-24|2023-09-24
5.6|000471|20|4|1|1|19|5|2023-09-24|2023-09-24
1.8|000472|20|4|1|1|19|5|2023-09-24|2023-09-24
6.9|000473|20|4|1|1|19|5|2023-09-24|2023-09-24
4.7|000474|20|4|1|1|19|5|2023-09-24|2023-09-24
4.8|000475|20|4|1|1|19|5|2023-09-24|2023-09-24
4|000451|21|4|1|1|19|1|2023-09-24|2023-09-24
5.5|000452|21|4|1|1|19|1|2023-09-24|2023-09-24
4.2|000453|21|4|1|1|19|1|2023-09-24|2023-09-24
4.7|000454|21|4|1|1|19|1|2023-09-24|2023-09-24
2.9|000455|21|4|1|1|19|1|2023-09-24|2023-09-24
5.6|000456|21|4|1|1|19|1|2023-09-24|2023-09-24
4.4|000457|21|4|1|1|19|1|2023-09-24|2023-09-24
5|000458|21|4|1|1|19|1|2023-09-24|2023-09-24
4.1|000459|21|4|1|1|19|1|2023-09-24|2023-09-24
5.1|000460|21|4|1|1|19|1|2023-09-24|2023-09-24
4.9|000461|21|4|1|1|19|1|2023-09-24|2023-09-24
1.9|000462|21|4|1|1|19|1|2023-09-24|2023-09-24
6.9|000463|21|4|1|1|19|1|2023-09-24|2023-09-24
3.9|000464|21|4|1|1|19|1|2023-09-24|2023-09-24
7|000465|21|4|1|1|19|1|2023-09-24|2023-09-24
5.7|000466|21|4|1|1|19|1|2023-09-24|2023-09-24
5.1|000467|21|4|1|1|19|1|2023-09-24|2023-09-24
4.3|000468|21|4|1|1|19|1|2023-09-24|2023-09-24
5.1|000469|21|4|1|1|19|1|2023-09-24|2023-09-24
2.3|000470|21|4|1|1|19|1|2023-09-24|2023-09-24
4.3|000471|21|4|1|1|19|1|2023-09-24|2023-09-24
7|000472|21|4|1|1|19|1|2023-09-24|2023-09-24
7|000473|21|4|1|1|19|1|2023-09-24|2023-09-24
3.3|000474|21|4|1|1|19|1|2023-09-24|2023-09-24
5.7|000475|21|4|1|1|19|1|2023-09-24|2023-09-24
7|000451|22|4|1|1|19|1|2023-09-24|2023-09-24
3.9|000452|22|4|1|1|19|1|2023-09-24|2023-09-24
4.2|000453|22|4|1|1|19|1|2023-09-24|2023-09-24
6.8|000454|22|4|1|1|19|1|2023-09-24|2023-09-24
5|000455|22|4|1|1|19|1|2023-09-24|2023-09-24
5.9|000456|22|4|1|1|19|1|2023-09-24|2023-09-24
3.2|000457|22|4|1|1|19|1|2023-09-24|2023-09-24
4|000458|22|4|1|1|19|1|2023-09-24|2023-09-24
4|000459|22|4|1|1|19|1|2023-09-24|2023-09-24
5.5|000460|22|4|1|1|19|1|2023-09-24|2023-09-24
4.5|000461|22|4|1|1|19|1|2023-09-24|2023-09-24
3.3|000462|22|4|1|1|19|1|2023-09-24|2023-09-24
3.8|000463|22|4|1|1|19|1|2023-09-24|2023-09-24
2.3|000464|22|4|1|1|19|1|2023-09-24|2023-09-24
3.3|000465|22|4|1|1|19|1|2023-09-24|2023-09-24
2.7|000466|22|4|1|1|19|1|2023-09-24|2023-09-24
5|000467|22|4|1|1|19|1|2023-09-24|2023-09-24
6|000468|22|4|1|1|19|1|2023-09-24|2023-09-24
5.6|000469|22|4|1|1|19|1|2023-09-24|2023-09-24
4.8|000470|22|4|1|1|19|1|2023-09-24|2023-09-24
3.8|000471|22|4|1|1|19|1|2023-09-24|2023-09-24
2.4|000472|22|4|1|1|19|1|2023-09-24|2023-09-24
4.2|000473|22|4|1|1|19|1|2023-09-24|2023-09-24
4.4|000474|22|4|1|1|19|1|2023-09-24|2023-09-24
3.1|000475|22|4|1|1|19|1|2023-09-24|2023-09-24
3.6|000451|23|4|1|1|19|1|2023-09-24|2023-09-24
4.4|000452|23|4|1|1|19|1|2023-09-24|2023-09-24
4.6|000453|23|4|1|1|19|1|2023-09-24|2023-09-24
5|000454|23|4|1|1|19|1|2023-09-24|2023-09-24
6|000455|23|4|1|1|19|1|2023-09-24|2023-09-24
6.8|000456|23|4|1|1|19|1|2023-09-24|2023-09-24
3.6|000457|23|4|1|1|19|1|2023-09-24|2023-09-24
2.5|000458|23|4|1|1|19|1|2023-09-24|2023-09-24
4.1|000459|23|4|1|1|19|1|2023-09-24|2023-09-24
3.7|000460|23|4|1|1|19|1|2023-09-24|2023-09-24
5.6|000461|23|4|1|1|19|1|2023-09-24|2023-09-24
3.5|000462|23|4|1|1|19|1|2023-09-24|2023-09-24
3.9|000463|23|4|1|1|19|1|2023-09-24|2023-09-24
1.6|000464|23|4|1|1|19|1|2023-09-24|2023-09-24
6.2|000465|23|4|1|1|19|1|2023-09-24|2023-09-24
1.9|000466|23|4|1|1|19|1|2023-09-24|2023-09-24
4.5|000467|23|4|1|1|19|1|2023-09-24|2023-09-24
2.3|000468|23|4|1|1|19|1|2023-09-24|2023-09-24
5.4|000469|23|4|1|1|19|1|2023-09-24|2023-09-24
3.1|000470|23|4|1|1|19|1|2023-09-24|2023-09-24
6.9|000471|23|4|1|1|19|1|2023-09-24|2023-09-24
2.8|000472|23|4|1|1|19|1|2023-09-24|2023-09-24
4.6|000473|23|4|1|1|19|1|2023-09-24|2023-09-24
2.3|000474|23|4|1|1|19|1|2023-09-24|2023-09-24
7|000475|23|4|1|1|19|1|2023-09-24|2023-09-24
5|000451|24|4|1|1|19|1|2023-09-24|2023-09-24
3.2|000452|24|4|1|1|19|1|2023-09-24|2023-09-24
5.7|000453|24|4|1|1|19|1|2023-09-24|2023-09-24
3.9|000454|24|4|1|1|19|1|2023-09-24|2023-09-24
5.6|000455|24|4|1|1|19|1|2023-09-24|2023-09-24
4.4|000456|24|4|1|1|19|1|2023-09-24|2023-09-24
6.9|000457|24|4|1|1|19|1|2023-09-24|2023-09-24
3.7|000458|24|4|1|1|19|1|2023-09-24|2023-09-24
1.9|000459|24|4|1|1|19|1|2023-09-24|2023-09-24
3.5|000460|24|4|1|1|19|1|2023-09-24|2023-09-24
5.9|000461|24|4|1|1|19|1|2023-09-24|2023-09-24
6.4|000462|24|4|1|1|19|1|2023-09-24|2023-09-24
5|000463|24|4|1|1|19|1|2023-09-24|2023-09-24
5.3|000464|24|4|1|1|19|1|2023-09-24|2023-09-24
7|000465|24|4|1|1|19|1|2023-09-24|2023-09-24
2.1|000466|24|4|1|1|19|1|2023-09-24|2023-09-24
4.8|000467|24|4|1|1|19|1|2023-09-24|2023-09-24
4.5|000468|24|4|1|1|19|1|2023-09-24|2023-09-24
5.5|000469|24|4|1|1|19|1|2023-09-24|2023-09-24
4.7|000470|24|4|1|1|19|1|2023-09-24|2023-09-24
4.6|000471|24|4|1|1|19|1|2023-09-24|2023-09-24
2.7|000472|24|4|1|1|19|1|2023-09-24|2023-09-24
5.1|000473|24|4|1|1|19|1|2023-09-24|2023-09-24
4.2|000474|24|4|1|1|19|1|2023-09-24|2023-09-24
5.1|000475|24|4|1|1|19|1|2023-09-24|2023-09-24
3.2|000451|25|4|1|1|19|6|2023-09-24|2023-09-24
6.5|000452|25|4|1|1|19|6|2023-09-24|2023-09-24
3.9|000453|25|4|1|1|19|6|2023-09-24|2023-09-24
4.6|000454|25|4|1|1|19|6|2023-09-24|2023-09-24
3.6|000455|25|4|1|1|19|6|2023-09-24|2023-09-24
5.5|000456|25|4|1|1|19|6|2023-09-24|2023-09-24
5.4|000457|25|4|1|1|19|6|2023-09-24|2023-09-24
5.2|000458|25|4|1|1|19|6|2023-09-24|2023-09-24
3.7|000459|25|4|1|1|19|6|2023-09-24|2023-09-24
6.4|000460|25|4|1|1|19|6|2023-09-24|2023-09-24
4.7|000461|25|4|1|1|19|6|2023-09-24|2023-09-24
1.9|000462|25|4|1|1|19|6|2023-09-24|2023-09-24
7|000463|25|4|1|1|19|6|2023-09-24|2023-09-24
4|000464|25|4|1|1|19|6|2023-09-24|2023-09-24
7|000465|25|4|1|1|19|6|2023-09-24|2023-09-24
5.5|000466|25|4|1|1|19|6|2023-09-24|2023-09-24
5.2|000467|25|4|1|1|19|6|2023-09-24|2023-09-24
5.8|000468|25|4|1|1|19|6|2023-09-24|2023-09-24
3.5|000469|25|4|1|1|19|6|2023-09-24|2023-09-24
3.1|000470|25|4|1|1|19|6|2023-09-24|2023-09-24
5.8|000471|25|4|1|1|19|6|2023-09-24|2023-09-24
6.9|000472|25|4|1|1|19|6|2023-09-24|2023-09-24
7|000473|25|4|1|1|19|6|2023-09-24|2023-09-24
2.9|000474|25|4|1|1|19|6|2023-09-24|2023-09-24
5.7|000475|25|4|1|1|19|6|2023-09-24|2023-09-24
6.8|000451|26|4|1|1|19|6|2023-09-24|2023-09-24
3.4|000452|26|4|1|1|19|6|2023-09-24|2023-09-24
4.3|000453|26|4|1|1|19|6|2023-09-24|2023-09-24
5.9|000454|26|4|1|1|19|6|2023-09-24|2023-09-24
6|000455|26|4|1|1|19|6|2023-09-24|2023-09-24
6.2|000456|26|4|1|1|19|6|2023-09-24|2023-09-24
2.8|000457|26|4|1|1|19|6|2023-09-24|2023-09-24
3.1|000458|26|4|1|1|19|6|2023-09-24|2023-09-24
3.1|000459|26|4|1|1|19|6|2023-09-24|2023-09-24
5.1|000460|26|4|1|1|19|6|2023-09-24|2023-09-24
2.9|000461|26|4|1|1|19|6|2023-09-24|2023-09-24
1.7|000462|26|4|1|1|19|6|2023-09-24|2023-09-24
4.3|000463|26|4|1|1|19|6|2023-09-24|2023-09-24
2.6|000464|26|4|1|1|19|6|2023-09-24|2023-09-24
3.6|000465|26|4|1|1|19|6|2023-09-24|2023-09-24
3|000466|26|4|1|1|19|6|2023-09-24|2023-09-24
4.5|000467|26|4|1|1|19|6|2023-09-24|2023-09-24
6.7|000468|26|4|1|1|19|6|2023-09-24|2023-09-24
6.2|000469|26|4|1|1|19|6|2023-09-24|2023-09-24
4.5|000470|26|4|1|1|19|6|2023-09-24|2023-09-24
4.3|000471|26|4|1|1|19|6|2023-09-24|2023-09-24
2.8|000472|26|4|1|1|19|6|2023-09-24|2023-09-24
5.9|000473|26|4|1|1|19|6|2023-09-24|2023-09-24
3.6|000474|26|4|1|1|19|6|2023-09-24|2023-09-24
3.9|000475|26|4|1|1|19|6|2023-09-24|2023-09-24
3.8|000451|27|4|1|1|19|6|2023-09-24|2023-09-24
4.2|000452|27|4|1|1|19|6|2023-09-24|2023-09-24
4.3|000453|27|4|1|1|19|6|2023-09-24|2023-09-24
4.2|000454|27|4|1|1|19|6|2023-09-24|2023-09-24
4.7|000455|27|4|1|1|19|6|2023-09-24|2023-09-24
6.2|000456|27|4|1|1|19|6|2023-09-24|2023-09-24
5|000457|27|4|1|1|19|6|2023-09-24|2023-09-24
2.8|000458|27|4|1|1|19|6|2023-09-24|2023-09-24
4.2|000459|27|4|1|1|19|6|2023-09-24|2023-09-24
2.1|000460|27|4|1|1|19|6|2023-09-24|2023-09-24
5.3|000461|27|4|1|1|19|6|2023-09-24|2023-09-24
3.3|000462|27|4|1|1|19|6|2023-09-24|2023-09-24
2.9|000463|27|4|1|1|19|6|2023-09-24|2023-09-24
1.5|000464|27|4|1|1|19|6|2023-09-24|2023-09-24
6.5|000465|27|4|1|1|19|6|2023-09-24|2023-09-24
2.5|000466|27|4|1|1|19|6|2023-09-24|2023-09-24
5.6|000467|27|4|1|1|19|6|2023-09-24|2023-09-24
1.8|000468|27|4|1|1|19|6|2023-09-24|2023-09-24
4.6|000469|27|4|1|1|19|6|2023-09-24|2023-09-24
2.7|000470|27|4|1|1|19|6|2023-09-24|2023-09-24
6.5|000471|27|4|1|1|19|6|2023-09-24|2023-09-24
3|000472|27|4|1|1|19|6|2023-09-24|2023-09-24
4.6|000473|27|4|1|1|19|6|2023-09-24|2023-09-24
2.8|000474|27|4|1|1|19|6|2023-09-24|2023-09-24
5.7|000475|27|4|1|1|19|6|2023-09-24|2023-09-24
5.7|000451|28|4|1|1|19|6|2023-09-24|2023-09-24
2.8|000452|28|4|1|1|19|6|2023-09-24|2023-09-24
4.4|000453|28|4|1|1|19|6|2023-09-24|2023-09-24
3.7|000454|28|4|1|1|19|6|2023-09-24|2023-09-24
5.5|000455|28|4|1|1|19|6|2023-09-24|2023-09-24
4.1|000456|28|4|1|1|19|6|2023-09-24|2023-09-24
6|000457|28|4|1|1|19|6|2023-09-24|2023-09-24
4.2|000458|28|4|1|1|19|6|2023-09-24|2023-09-24
2.4|000459|28|4|1|1|19|6|2023-09-24|2023-09-24
4.5|000460|28|4|1|1|19|6|2023-09-24|2023-09-24
4|000461|28|4|1|1|19|6|2023-09-24|2023-09-24
6.7|000462|28|4|1|1|19|6|2023-09-24|2023-09-24
3.9|000463|28|4|1|1|19|6|2023-09-24|2023-09-24
5.7|000464|28|4|1|1|19|6|2023-09-24|2023-09-24
7|000465|28|4|1|1|19|6|2023-09-24|2023-09-24
1.6|000466|28|4|1|1|19|6|2023-09-24|2023-09-24
4|000467|28|4|1|1|19|6|2023-09-24|2023-09-24
5.8|000468|28|4|1|1|19|6|2023-09-24|2023-09-24
6.6|000469|28|4|1|1|19|6|2023-09-24|2023-09-24
4.8|000470|28|4|1|1|19|6|2023-09-24|2023-09-24
4.1|000471|28|4|1|1|19|6|2023-09-24|2023-09-24
2.9|000472|28|4|1|1|19|6|2023-09-24|2023-09-24
5.9|000473|28|4|1|1|19|6|2023-09-24|2023-09-24
4.4|000474|28|4|1|1|19|6|2023-09-24|2023-09-24
4.2|000475|28|4|1|1|19|6|2023-09-24|2023-09-24
4.1|000451|29|4|1|1|19|7|2023-09-24|2023-09-24
6.4|000452|29|4|1|1|19|7|2023-09-24|2023-09-24
3.9|000453|29|4|1|1|19|7|2023-09-24|2023-09-24
5.8|000454|29|4|1|1|19|7|2023-09-24|2023-09-24
2.7|000455|29|4|1|1|19|7|2023-09-24|2023-09-24
6.8|000456|29|4|1|1|19|7|2023-09-24|2023-09-24
4.5|000457|29|4|1|1|19|7|2023-09-24|2023-09-24
3.7|000458|29|4|1|1|19|7|2023-09-24|2023-09-24
4|000459|29|4|1|1|19|7|2023-09-24|2023-09-24
5|000460|29|4|1|1|19|7|2023-09-24|2023-09-24
4.4|000461|29|4|1|1|19|7|2023-09-24|2023-09-24
1.9|000462|29|4|1|1|19|7|2023-09-24|2023-09-24
7|000463|29|4|1|1|19|7|2023-09-24|2023-09-24
3.2|000464|29|4|1|1|19|7|2023-09-24|2023-09-24
6.8|000465|29|4|1|1|19|7|2023-09-24|2023-09-24
5.5|000466|29|4|1|1|19|7|2023-09-24|2023-09-24
4.6|000467|29|4|1|1|19|7|2023-09-24|2023-09-24
4.2|000468|29|4|1|1|19|7|2023-09-24|2023-09-24
5.4|000469|29|4|1|1|19|7|2023-09-24|2023-09-24
4|000470|29|4|1|1|19|7|2023-09-24|2023-09-24
4.8|000471|29|4|1|1|19|7|2023-09-24|2023-09-24
6.2|000472|29|4|1|1|19|7|2023-09-24|2023-09-24
7|000473|29|4|1|1|19|7|2023-09-24|2023-09-24
3|000474|29|4|1|1|19|7|2023-09-24|2023-09-24
4.3|000475|29|4|1|1|19|7|2023-09-24|2023-09-24
7|000451|30|4|1|1|19|7|2023-09-24|2023-09-24
4.4|000452|30|4|1|1|19|7|2023-09-24|2023-09-24
4.2|000453|30|4|1|1|19|7|2023-09-24|2023-09-24
5.5|000454|30|4|1|1|19|7|2023-09-24|2023-09-24
4.7|000455|30|4|1|1|19|7|2023-09-24|2023-09-24
5.9|000456|30|4|1|1|19|7|2023-09-24|2023-09-24
2.9|000457|30|4|1|1|19|7|2023-09-24|2023-09-24
3.4|000458|30|4|1|1|19|7|2023-09-24|2023-09-24
2.9|000459|30|4|1|1|19|7|2023-09-24|2023-09-24
6.7|000460|30|4|1|1|19|7|2023-09-24|2023-09-24
4.2|000461|30|4|1|1|19|7|2023-09-24|2023-09-24
2.1|000462|30|4|1|1|19|7|2023-09-24|2023-09-24
2.6|000463|30|4|1|1|19|7|2023-09-24|2023-09-24
3.2|000464|30|4|1|1|19|7|2023-09-24|2023-09-24
2.7|000465|30|4|1|1|19|7|2023-09-24|2023-09-24
2.5|000466|30|4|1|1|19|7|2023-09-24|2023-09-24
6|000467|30|4|1|1|19|7|2023-09-24|2023-09-24
6.4|000468|30|4|1|1|19|7|2023-09-24|2023-09-24
6.2|000469|30|4|1|1|19|7|2023-09-24|2023-09-24
3.8|000470|30|4|1|1|19|7|2023-09-24|2023-09-24
4.2|000471|30|4|1|1|19|7|2023-09-24|2023-09-24
1.9|000472|30|4|1|1|19|7|2023-09-24|2023-09-24
6|000473|30|4|1|1|19|7|2023-09-24|2023-09-24
4.7|000474|30|4|1|1|19|7|2023-09-24|2023-09-24
4.6|000475|30|4|1|1|19|7|2023-09-24|2023-09-24
3.5|000451|31|4|1|1|19|7|2023-09-24|2023-09-24
4.2|000452|31|4|1|1|19|7|2023-09-24|2023-09-24
3.9|000453|31|4|1|1|19|7|2023-09-24|2023-09-24
4.7|000454|31|4|1|1|19|7|2023-09-24|2023-09-24
5.5|000455|31|4|1|1|19|7|2023-09-24|2023-09-24
5.4|000456|31|4|1|1|19|7|2023-09-24|2023-09-24
4.9|000457|31|4|1|1|19|7|2023-09-24|2023-09-24
2.2|000458|31|4|1|1|19|7|2023-09-24|2023-09-24
3.7|000459|31|4|1|1|19|7|2023-09-24|2023-09-24
2.8|000460|31|4|1|1|19|7|2023-09-24|2023-09-24
6.6|000461|31|4|1|1|19|7|2023-09-24|2023-09-24
4.9|000462|31|4|1|1|19|7|2023-09-24|2023-09-24
4|000463|31|4|1|1|19|7|2023-09-24|2023-09-24
2|000464|31|4|1|1|19|7|2023-09-24|2023-09-24
5.6|000465|31|4|1|1|19|7|2023-09-24|2023-09-24
1.7|000466|31|4|1|1|19|7|2023-09-24|2023-09-24
4.9|000467|31|4|1|1|19|7|2023-09-24|2023-09-24
3|000468|31|4|1|1|19|7|2023-09-24|2023-09-24
5.5|000469|31|4|1|1|19|7|2023-09-24|2023-09-24
1.8|000470|31|4|1|1|19|7|2023-09-24|2023-09-24
6.7|000471|31|4|1|1|19|7|2023-09-24|2023-09-24
2.9|000472|31|4|1|1|19|7|2023-09-24|2023-09-24
3.5|000473|31|4|1|1|19|7|2023-09-24|2023-09-24
2.8|000474|31|4|1|1|19|7|2023-09-24|2023-09-24
7|000475|31|4|1|1|19|7|2023-09-24|2023-09-24
4.9|000451|32|4|1|1|19|7|2023-09-24|2023-09-24
2.6|000452|32|4|1|1|19|7|2023-09-24|2023-09-24
5.5|000453|32|4|1|1|19|7|2023-09-24|2023-09-24
4.2|000454|32|4|1|1|19|7|2023-09-24|2023-09-24
5.4|000455|32|4|1|1|19|7|2023-09-24|2023-09-24
4.3|000456|32|4|1|1|19|7|2023-09-24|2023-09-24
7|000457|32|4|1|1|19|7|2023-09-24|2023-09-24
4.7|000458|32|4|1|1|19|7|2023-09-24|2023-09-24
3.1|000459|32|4|1|1|19|7|2023-09-24|2023-09-24
3.8|000460|32|4|1|1|19|7|2023-09-24|2023-09-24
3.9|000461|32|4|1|1|19|7|2023-09-24|2023-09-24
5.3|000462|32|4|1|1|19|7|2023-09-24|2023-09-24
5.4|000463|32|4|1|1|19|7|2023-09-24|2023-09-24
6.2|000464|32|4|1|1|19|7|2023-09-24|2023-09-24
6.5|000465|32|4|1|1|19|7|2023-09-24|2023-09-24
3|000466|32|4|1|1|19|7|2023-09-24|2023-09-24
4.8|000467|32|4|1|1|19|7|2023-09-24|2023-09-24
6.1|000468|32|4|1|1|19|7|2023-09-24|2023-09-24
5.5|000469|32|4|1|1|19|7|2023-09-24|2023-09-24
4.5|000470|32|4|1|1|19|7|2023-09-24|2023-09-24
5.5|000471|32|4|1|1|19|7|2023-09-24|2023-09-24
1.7|000472|32|4|1|1|19|7|2023-09-24|2023-09-24
5.9|000473|32|4|1|1|19|7|2023-09-24|2023-09-24
5|000474|32|4|1|1|19|7|2023-09-24|2023-09-24
4.8|000475|32|4|1|1|19|7|2023-09-24|2023-09-24
5.5|000451|33|4|1|1|19|8|2023-09-24|2023-09-24
3.1|000452|33|4|1|1|19|8|2023-09-24|2023-09-24
4.3|000453|33|4|1|1|19|8|2023-09-24|2023-09-24
5|000454|33|4|1|1|19|8|2023-09-24|2023-09-24
6.9|000455|33|4|1|1|19|8|2023-09-24|2023-09-24
1.1|000456|33|4|1|1|19|8|2023-09-24|2023-09-24
5.8|000457|33|4|1|1|19|8|2023-09-24|2023-09-24
6|000458|33|4|1|1|19|8|2023-09-24|2023-09-24
5.1|000459|33|4|1|1|19|8|2023-09-24|2023-09-24
2|000460|33|4|1|1|19|8|2023-09-24|2023-09-24
5.3|000461|33|4|1|1|19|8|2023-09-24|2023-09-24
2.7|000462|33|4|1|1|19|8|2023-09-24|2023-09-24
5.9|000463|33|4|1|1|19|8|2023-09-24|2023-09-24
2.9|000464|33|4|1|1|19|8|2023-09-24|2023-09-24
7|000465|33|4|1|1|19|8|2023-09-24|2023-09-24
3.1|000466|33|4|1|1|19|8|2023-09-24|2023-09-24
2.4|000467|33|4|1|1|19|8|2023-09-24|2023-09-24
2.1|000468|33|4|1|1|19|8|2023-09-24|2023-09-24
4.4|000469|33|4|1|1|19|8|2023-09-24|2023-09-24
1.3|000470|33|4|1|1|19|8|2023-09-24|2023-09-24
1.5|000471|33|4|1|1|19|8|2023-09-24|2023-09-24
2.8|000472|33|4|1|1|19|8|2023-09-24|2023-09-24
2.6|000473|33|4|1|1|19|8|2023-09-24|2023-09-24
6.9|000474|33|4|1|1|19|8|2023-09-24|2023-09-24
3.3|000475|33|4|1|1|19|8|2023-09-24|2023-09-24
6.8|000451|34|4|1|1|19|8|2023-09-24|2023-09-24
4.8|000452|34|4|1|1|19|8|2023-09-24|2023-09-24
1|000453|34|4|1|1|19|8|2023-09-24|2023-09-24
2.8|000454|34|4|1|1|19|8|2023-09-24|2023-09-24
6.1|000455|34|4|1|1|19|8|2023-09-24|2023-09-24
7|000456|34|4|1|1|19|8|2023-09-24|2023-09-24
3.1|000457|34|4|1|1|19|8|2023-09-24|2023-09-24
4.1|000458|34|4|1|1|19|8|2023-09-24|2023-09-24
3.6|000459|34|4|1|1|19|8|2023-09-24|2023-09-24
1.9|000460|34|4|1|1|19|8|2023-09-24|2023-09-24
4.3|000461|34|4|1|1|19|8|2023-09-24|2023-09-24
6.7|000462|34|4|1|1|19|8|2023-09-24|2023-09-24
2|000463|34|4|1|1|19|8|2023-09-24|2023-09-24
4.5|000464|34|4|1|1|19|8|2023-09-24|2023-09-24
6|000465|34|4|1|1|19|8|2023-09-24|2023-09-24
1.3|000466|34|4|1|1|19|8|2023-09-24|2023-09-24
3.6|000467|34|4|1|1|19|8|2023-09-24|2023-09-24
6.2|000468|34|4|1|1|19|8|2023-09-24|2023-09-24
2.1|000469|34|4|1|1|19|8|2023-09-24|2023-09-24
4.7|000470|34|4|1|1|19|8|2023-09-24|2023-09-24
5.1|000471|34|4|1|1|19|8|2023-09-24|2023-09-24
3.1|000472|34|4|1|1|19|8|2023-09-24|2023-09-24
5.9|000473|34|4|1|1|19|8|2023-09-24|2023-09-24
5.3|000474|34|4|1|1|19|8|2023-09-24|2023-09-24
4.8|000475|34|4|1|1|19|8|2023-09-24|2023-09-24
5.6|000451|35|4|1|1|19|8|2023-09-24|2023-09-24
4.2|000452|35|4|1|1|19|8|2023-09-24|2023-09-24
6.4|000453|35|4|1|1|19|8|2023-09-24|2023-09-24
3.2|000454|35|4|1|1|19|8|2023-09-24|2023-09-24
6.3|000455|35|4|1|1|19|8|2023-09-24|2023-09-24
6.6|000456|35|4|1|1|19|8|2023-09-24|2023-09-24
4.2|000457|35|4|1|1|19|8|2023-09-24|2023-09-24
1.2|000458|35|4|1|1|19|8|2023-09-24|2023-09-24
7.1|000459|35|4|1|1|19|8|2023-09-24|2023-09-24
5.7|000460|35|4|1|1|19|8|2023-09-24|2023-09-24
1.1|000461|35|4|1|1|19|8|2023-09-24|2023-09-24
4.1|000462|35|4|1|1|19|8|2023-09-24|2023-09-24
3.7|000463|35|4|1|1|19|8|2023-09-24|2023-09-24
6.2|000464|35|4|1|1|19|8|2023-09-24|2023-09-24
6.5|000465|35|4|1|1|19|8|2023-09-24|2023-09-24
4.8|000466|35|4|1|1|19|8|2023-09-24|2023-09-24
1.5|000467|35|4|1|1|19|8|2023-09-24|2023-09-24
5.1|000468|35|4|1|1|19|8|2023-09-24|2023-09-24
3.9|000469|35|4|1|1|19|8|2023-09-24|2023-09-24
1.1|000470|35|4|1|1|19|8|2023-09-24|2023-09-24
3.7|000471|35|4|1|1|19|8|2023-09-24|2023-09-24
3.4|000472|35|4|1|1|19|8|2023-09-24|2023-09-24
1.8|000473|35|4|1|1|19|8|2023-09-24|2023-09-24
5.8|000474|35|4|1|1|19|8|2023-09-24|2023-09-24
3.4|000475|35|4|1|1|19|8|2023-09-24|2023-09-24
1.2|000451|36|4|1|1|19|8|2023-09-24|2023-09-24
3|000452|36|4|1|1|19|8|2023-09-24|2023-09-24
5.6|000453|36|4|1|1|19|8|2023-09-24|2023-09-24
5.7|000454|36|4|1|1|19|8|2023-09-24|2023-09-24
1.4|000455|36|4|1|1|19|8|2023-09-24|2023-09-24
3.6|000456|36|4|1|1|19|8|2023-09-24|2023-09-24
6.4|000457|36|4|1|1|19|8|2023-09-24|2023-09-24
2.8|000458|36|4|1|1|19|8|2023-09-24|2023-09-24
4.3|000459|36|4|1|1|19|8|2023-09-24|2023-09-24
1.1|000460|36|4|1|1|19|8|2023-09-24|2023-09-24
5.3|000461|36|4|1|1|19|8|2023-09-24|2023-09-24
2.6|000462|36|4|1|1|19|8|2023-09-24|2023-09-24
5.7|000463|36|4|1|1|19|8|2023-09-24|2023-09-24
1.1|000464|36|4|1|1|19|8|2023-09-24|2023-09-24
1|000465|36|4|1|1|19|8|2023-09-24|2023-09-24
6.9|000466|36|4|1|1|19|8|2023-09-24|2023-09-24
6.7|000467|36|4|1|1|19|8|2023-09-24|2023-09-24
6|000468|36|4|1|1|19|8|2023-09-24|2023-09-24
6.6|000469|36|4|1|1|19|8|2023-09-24|2023-09-24
2.2|000470|36|4|1|1|19|8|2023-09-24|2023-09-24
2.4|000471|36|4|1|1|19|8|2023-09-24|2023-09-24
3.8|000472|36|4|1|1|19|8|2023-09-24|2023-09-24
4.7|000473|36|4|1|1|19|8|2023-09-24|2023-09-24
5|000474|36|4|1|1|19|8|2023-09-24|2023-09-24
6.3|000475|36|4|1|1|19|8|2023-09-24|2023-09-24
2.2|000451|37|4|1|1|19|9|2023-09-24|2023-09-24
2.1|000452|37|4|1|1|19|9|2023-09-24|2023-09-24
1.9|000453|37|4|1|1|19|9|2023-09-24|2023-09-24
7|000454|37|4|1|1|19|9|2023-09-24|2023-09-24
4.4|000455|37|4|1|1|19|9|2023-09-24|2023-09-24
2.7|000456|37|4|1|1|19|9|2023-09-24|2023-09-24
2.8|000457|37|4|1|1|19|9|2023-09-24|2023-09-24
6.8|000458|37|4|1|1|19|9|2023-09-24|2023-09-24
3.2|000459|37|4|1|1|19|9|2023-09-24|2023-09-24
3.2|000460|37|4|1|1|19|9|2023-09-24|2023-09-24
2.4|000461|37|4|1|1|19|9|2023-09-24|2023-09-24
1.5|000462|37|4|1|1|19|9|2023-09-24|2023-09-24
3.7|000463|37|4|1|1|19|9|2023-09-24|2023-09-24
5.8|000464|37|4|1|1|19|9|2023-09-24|2023-09-24
5.2|000465|37|4|1|1|19|9|2023-09-24|2023-09-24
3.6|000466|37|4|1|1|19|9|2023-09-24|2023-09-24
1.4|000467|37|4|1|1|19|9|2023-09-24|2023-09-24
4.6|000468|37|4|1|1|19|9|2023-09-24|2023-09-24
3|000469|37|4|1|1|19|9|2023-09-24|2023-09-24
5.9|000470|37|4|1|1|19|9|2023-09-24|2023-09-24
1.9|000471|37|4|1|1|19|9|2023-09-24|2023-09-24
3.7|000472|37|4|1|1|19|9|2023-09-24|2023-09-24
6.5|000473|37|4|1|1|19|9|2023-09-24|2023-09-24
4.5|000474|37|4|1|1|19|9|2023-09-24|2023-09-24
6.1|000475|37|4|1|1|19|9|2023-09-24|2023-09-24
4|000451|38|4|1|1|19|9|2023-09-24|2023-09-24
1.6|000452|38|4|1|1|19|9|2023-09-24|2023-09-24
3.3|000453|38|4|1|1|19|9|2023-09-24|2023-09-24
6|000454|38|4|1|1|19|9|2023-09-24|2023-09-24
1.9|000455|38|4|1|1|19|9|2023-09-24|2023-09-24
4.2|000456|38|4|1|1|19|9|2023-09-24|2023-09-24
5.2|000457|38|4|1|1|19|9|2023-09-24|2023-09-24
3|000458|38|4|1|1|19|9|2023-09-24|2023-09-24
1.1|000459|38|4|1|1|19|9|2023-09-24|2023-09-24
2.6|000460|38|4|1|1|19|9|2023-09-24|2023-09-24
6.7|000461|38|4|1|1|19|9|2023-09-24|2023-09-24
6.5|000462|38|4|1|1|19|9|2023-09-24|2023-09-24
4.1|000463|38|4|1|1|19|9|2023-09-24|2023-09-24
6.7|000464|38|4|1|1|19|9|2023-09-24|2023-09-24
1.8|000465|38|4|1|1|19|9|2023-09-24|2023-09-24
4.4|000466|38|4|1|1|19|9|2023-09-24|2023-09-24
2.4|000467|38|4|1|1|19|9|2023-09-24|2023-09-24
6.7|000468|38|4|1|1|19|9|2023-09-24|2023-09-24
6.9|000469|38|4|1|1|19|9|2023-09-24|2023-09-24
4.6|000470|38|4|1|1|19|9|2023-09-24|2023-09-24
6.2|000471|38|4|1|1|19|9|2023-09-24|2023-09-24
6.8|000472|38|4|1|1|19|9|2023-09-24|2023-09-24
6.9|000473|38|4|1|1|19|9|2023-09-24|2023-09-24
2.8|000474|38|4|1|1|19|9|2023-09-24|2023-09-24
1.7|000475|38|4|1|1|19|9|2023-09-24|2023-09-24
7.1|000451|39|4|1|1|19|9|2023-09-24|2023-09-24
3.7|000452|39|4|1|1|19|9|2023-09-24|2023-09-24
3.6|000453|39|4|1|1|19|9|2023-09-24|2023-09-24
2.4|000454|39|4|1|1|19|9|2023-09-24|2023-09-24
2.7|000455|39|4|1|1|19|9|2023-09-24|2023-09-24
1.7|000456|39|4|1|1|19|9|2023-09-24|2023-09-24
6.5|000457|39|4|1|1|19|9|2023-09-24|2023-09-24
5.4|000458|39|4|1|1|19|9|2023-09-24|2023-09-24
2.7|000459|39|4|1|1|19|9|2023-09-24|2023-09-24
6|000460|39|4|1|1|19|9|2023-09-24|2023-09-24
6.8|000461|39|4|1|1|19|9|2023-09-24|2023-09-24
4.1|000462|39|4|1|1|19|9|2023-09-24|2023-09-24
4.8|000463|39|4|1|1|19|9|2023-09-24|2023-09-24
5.8|000464|39|4|1|1|19|9|2023-09-24|2023-09-24
1.5|000465|39|4|1|1|19|9|2023-09-24|2023-09-24
4.3|000466|39|4|1|1|19|9|2023-09-24|2023-09-24
4.5|000467|39|4|1|1|19|9|2023-09-24|2023-09-24
1.4|000468|39|4|1|1|19|9|2023-09-24|2023-09-24
5.4|000469|39|4|1|1|19|9|2023-09-24|2023-09-24
2.4|000470|39|4|1|1|19|9|2023-09-24|2023-09-24
3.9|000471|39|4|1|1|19|9|2023-09-24|2023-09-24
1.7|000472|39|4|1|1|19|9|2023-09-24|2023-09-24
5.6|000473|39|4|1|1|19|9|2023-09-24|2023-09-24
3.1|000474|39|4|1|1|19|9|2023-09-24|2023-09-24
5.1|000475|39|4|1|1|19|9|2023-09-24|2023-09-24
1.9|000451|40|4|1|1|19|9|2023-09-24|2023-09-24
1.6|000452|40|4|1|1|19|9|2023-09-24|2023-09-24
1.2|000453|40|4|1|1|19|9|2023-09-24|2023-09-24
6.8|000454|40|4|1|1|19|9|2023-09-24|2023-09-24
6.1|000455|40|4|1|1|19|9|2023-09-24|2023-09-24
5.7|000456|40|4|1|1|19|9|2023-09-24|2023-09-24
6.8|000457|40|4|1|1|19|9|2023-09-24|2023-09-24
4.1|000458|40|4|1|1|19|9|2023-09-24|2023-09-24
5.4|000459|40|4|1|1|19|9|2023-09-24|2023-09-24
4.9|000460|40|4|1|1|19|9|2023-09-24|2023-09-24
2.9|000461|40|4|1|1|19|9|2023-09-24|2023-09-24
2.4|000462|40|4|1|1|19|9|2023-09-24|2023-09-24
4.5|000463|40|4|1|1|19|9|2023-09-24|2023-09-24
1.9|000464|40|4|1|1|19|9|2023-09-24|2023-09-24
3|000465|40|4|1|1|19|9|2023-09-24|2023-09-24
5.8|000466|40|4|1|1|19|9|2023-09-24|2023-09-24
1.1|000467|40|4|1|1|19|9|2023-09-24|2023-09-24
6.9|000468|40|4|1|1|19|9|2023-09-24|2023-09-24
1.1|000469|40|4|1|1|19|9|2023-09-24|2023-09-24
1.8|000470|40|4|1|1|19|9|2023-09-24|2023-09-24
2.1|000471|40|4|1|1|19|9|2023-09-24|2023-09-24
2.2|000472|40|4|1|1|19|9|2023-09-24|2023-09-24
1.8|000473|40|4|1|1|19|9|2023-09-24|2023-09-24
1.6|000474|40|4|1|1|19|9|2023-09-24|2023-09-24
6.7|000475|40|4|1|1|19|9|2023-09-24|2023-09-24
3.8|000451|41|4|1|1|19|10|2023-09-24|2023-09-24
3.1|000452|41|4|1|1|19|10|2023-09-24|2023-09-24
3.8|000453|41|4|1|1|19|10|2023-09-24|2023-09-24
6.8|000454|41|4|1|1|19|10|2023-09-24|2023-09-24
4.6|000455|41|4|1|1|19|10|2023-09-24|2023-09-24
5.5|000456|41|4|1|1|19|10|2023-09-24|2023-09-24
4.6|000457|41|4|1|1|19|10|2023-09-24|2023-09-24
1.8|000458|41|4|1|1|19|10|2023-09-24|2023-09-24
2.2|000459|41|4|1|1|19|10|2023-09-24|2023-09-24
6|000460|41|4|1|1|19|10|2023-09-24|2023-09-24
5.3|000461|41|4|1|1|19|10|2023-09-24|2023-09-24
1.4|000462|41|4|1|1|19|10|2023-09-24|2023-09-24
3.8|000463|41|4|1|1|19|10|2023-09-24|2023-09-24
3|000464|41|4|1|1|19|10|2023-09-24|2023-09-24
7|000465|41|4|1|1|19|10|2023-09-24|2023-09-24
3.7|000466|41|4|1|1|19|10|2023-09-24|2023-09-24
6.9|000467|41|4|1|1|19|10|2023-09-24|2023-09-24
2.4|000468|41|4|1|1|19|10|2023-09-24|2023-09-24
2.5|000469|41|4|1|1|19|10|2023-09-24|2023-09-24
6.7|000470|41|4|1|1|19|10|2023-09-24|2023-09-24
4.8|000471|41|4|1|1|19|10|2023-09-24|2023-09-24
2|000472|41|4|1|1|19|10|2023-09-24|2023-09-24
6.8|000473|41|4|1|1|19|10|2023-09-24|2023-09-24
7|000474|41|4|1|1|19|10|2023-09-24|2023-09-24
1.6|000475|41|4|1|1|19|10|2023-09-24|2023-09-24
1.2|000451|42|4|1|1|19|10|2023-09-24|2023-09-24
3.9|000452|42|4|1|1|19|10|2023-09-24|2023-09-24
1.3|000453|42|4|1|1|19|10|2023-09-24|2023-09-24
1.5|000454|42|4|1|1|19|10|2023-09-24|2023-09-24
6.1|000455|42|4|1|1|19|10|2023-09-24|2023-09-24
4.5|000456|42|4|1|1|19|10|2023-09-24|2023-09-24
5.3|000457|42|4|1|1|19|10|2023-09-24|2023-09-24
5.5|000458|42|4|1|1|19|10|2023-09-24|2023-09-24
4.4|000459|42|4|1|1|19|10|2023-09-24|2023-09-24
1.6|000460|42|4|1|1|19|10|2023-09-24|2023-09-24
6.7|000461|42|4|1|1|19|10|2023-09-24|2023-09-24
1.2|000462|42|4|1|1|19|10|2023-09-24|2023-09-24
4.4|000463|42|4|1|1|19|10|2023-09-24|2023-09-24
3|000464|42|4|1|1|19|10|2023-09-24|2023-09-24
2.7|000465|42|4|1|1|19|10|2023-09-24|2023-09-24
5.3|000466|42|4|1|1|19|10|2023-09-24|2023-09-24
6.4|000467|42|4|1|1|19|10|2023-09-24|2023-09-24
6.2|000468|42|4|1|1|19|10|2023-09-24|2023-09-24
4.6|000469|42|4|1|1|19|10|2023-09-24|2023-09-24
1.2|000470|42|4|1|1|19|10|2023-09-24|2023-09-24
6.6|000471|42|4|1|1|19|10|2023-09-24|2023-09-24
4.6|000472|42|4|1|1|19|10|2023-09-24|2023-09-24
4.9|000473|42|4|1|1|19|10|2023-09-24|2023-09-24
6.3|000474|42|4|1|1|19|10|2023-09-24|2023-09-24
2.9|000475|42|4|1|1|19|10|2023-09-24|2023-09-24
1.9|000451|43|4|1|1|19|10|2023-09-24|2023-09-24
4.3|000452|43|4|1|1|19|10|2023-09-24|2023-09-24
3|000453|43|4|1|1|19|10|2023-09-24|2023-09-24
6.7|000454|43|4|1|1|19|10|2023-09-24|2023-09-24
6.8|000455|43|4|1|1|19|10|2023-09-24|2023-09-24
4.8|000456|43|4|1|1|19|10|2023-09-24|2023-09-24
6.8|000457|43|4|1|1|19|10|2023-09-24|2023-09-24
6.6|000458|43|4|1|1|19|10|2023-09-24|2023-09-24
4|000459|43|4|1|1|19|10|2023-09-24|2023-09-24
1.2|000460|43|4|1|1|19|10|2023-09-24|2023-09-24
2.3|000461|43|4|1|1|19|10|2023-09-24|2023-09-24
5.9|000462|43|4|1|1|19|10|2023-09-24|2023-09-24
4.1|000463|43|4|1|1|19|10|2023-09-24|2023-09-24
2.3|000464|43|4|1|1|19|10|2023-09-24|2023-09-24
6.8|000465|43|4|1|1|19|10|2023-09-24|2023-09-24
2.5|000466|43|4|1|1|19|10|2023-09-24|2023-09-24
5.7|000467|43|4|1|1|19|10|2023-09-24|2023-09-24
4.2|000468|43|4|1|1|19|10|2023-09-24|2023-09-24
7|000469|43|4|1|1|19|10|2023-09-24|2023-09-24
2.6|000470|43|4|1|1|19|10|2023-09-24|2023-09-24
1.4|000471|43|4|1|1|19|10|2023-09-24|2023-09-24
4.7|000472|43|4|1|1|19|10|2023-09-24|2023-09-24
6.5|000473|43|4|1|1|19|10|2023-09-24|2023-09-24
4.9|000474|43|4|1|1|19|10|2023-09-24|2023-09-24
4.3|000475|43|4|1|1|19|10|2023-09-24|2023-09-24
1.6|000451|44|4|1|1|19|10|2023-09-24|2023-09-24
6.8|000452|44|4|1|1|19|10|2023-09-24|2023-09-24
1.4|000453|44|4|1|1|19|10|2023-09-24|2023-09-24
1.8|000454|44|4|1|1|19|10|2023-09-24|2023-09-24
2.6|000455|44|4|1|1|19|10|2023-09-24|2023-09-24
3.4|000456|44|4|1|1|19|10|2023-09-24|2023-09-24
2.9|000457|44|4|1|1|19|10|2023-09-24|2023-09-24
1.6|000458|44|4|1|1|19|10|2023-09-24|2023-09-24
4.5|000459|44|4|1|1|19|10|2023-09-24|2023-09-24
5.1|000460|44|4|1|1|19|10|2023-09-24|2023-09-24
1.4|000461|44|4|1|1|19|10|2023-09-24|2023-09-24
4.8|000462|44|4|1|1|19|10|2023-09-24|2023-09-24
1.8|000463|44|4|1|1|19|10|2023-09-24|2023-09-24
1.2|000464|44|4|1|1|19|10|2023-09-24|2023-09-24
3.4|000465|44|4|1|1|19|10|2023-09-24|2023-09-24
6.8|000466|44|4|1|1|19|10|2023-09-24|2023-09-24
4.7|000467|44|4|1|1|19|10|2023-09-24|2023-09-24
6.4|000468|44|4|1|1|19|10|2023-09-24|2023-09-24
1.5|000469|44|4|1|1|19|10|2023-09-24|2023-09-24
1.8|000470|44|4|1|1|19|10|2023-09-24|2023-09-24
2.3|000471|44|4|1|1|19|10|2023-09-24|2023-09-24
1.6|000472|44|4|1|1|19|10|2023-09-24|2023-09-24
5.1|000473|44|4|1|1|19|10|2023-09-24|2023-09-24
6.1|000474|44|4|1|1|19|10|2023-09-24|2023-09-24
4.9|000475|44|4|1|1|19|10|2023-09-24|2023-09-24