id|nombre|apellido1|apellido2|rut|direccion|celular|nacimiento|niveleducacionalId|usuarioId|sexoId|regionId|provincixId|comunaId|createdAt|updatedAt
1|Penélope Almendra|Contreras|Ramírez|17242335-3|Angamos 1348|+56953752731|1989-09-26|5|76|2|7|23|109|2023-09-24|2023-09-24
2|Paz Belén|Torres|Gómez|17547816-7|Corte Suprema 308|+56912910656|1990-10-03|4|77|2|7|23|109|2023-09-24|2023-09-24
3|Julieta Francisca|Espinoza|Gutiérrez|20036159-8|Artemio Gutierrez 1480|+56953090500|1999-01-21|2|78|2|7|23|109|2023-09-24|2023-09-24
4|Alejandra Martina|Cáceres|Saavedra|16869024-K|Emiliano Figueroa 1985|+56985373855|1988-06-28|5|79|2|7|23|109|2023-09-24|2023-09-24
5|Azul Jimena|Carvajal|Alarcón|18222775-7|Valentín Letelier 568|+56944447578|1993-01-02|4|80|2|7|23|109|2023-09-24|2023-09-24
6|Zahir Francisco|Torres|Gómez|18549676-7|Namur 1245|+56922116661|1994-02-05|2|81|1|7|23|109|2023-09-24|2023-09-24
7|Mateo Roberto|Guzmán|Campos|18798380-0|Loncomilla 293|+56957922848|1994-12-05|5|82|1|7|23|109|2023-09-24|2023-09-24
8|Diana Magdalena|Farias|Rojas|19053911-3|San Rafael 1940|+56916431411|1995-10-12|3|83|2|7|23|109|2023-09-24|2023-09-24
9|Rubén Ricardo|Riquelme|Guzmán|18073726-K|Avenida Walker Martinez 144|+56967039738|1992-07-05|4|84|1|7|23|109|2023-09-24|2023-09-24
10|Paz Esmeralda|Aravena|Medina|18272283-9|Pasaje El Trebol 1543|+56915607223|1993-03-04|2|85|2|7|23|109|2023-09-24|2023-09-24
11|Rocío Alejandra|Rojas|Bravo|20037317-0|Ricardo Poenisch 1170|+56910406220|1999-01-22|2|86|2|7|23|109|2023-09-24|2023-09-24
12|Manuela Romina|Molina|Tapia|17178280-5|Pasaje San Alfonso 1768|+56914997710|1989-07-10|2|87|2|7|23|109|2023-09-24|2023-09-24
13|Emilia Camila|Poblete|Jara|16640662-5|Lira 975|+56963268389|1987-09-24|3|88|2|7|23|109|2023-09-24|2023-09-24
14|Paz Salomé|Castro|Olivares|17900457-7|Melipilla 1696|+56929379023|1991-12-07|2|89|2|7|23|109|2023-09-24|2023-09-24
15|Alexa Almendra|Reyes|Lagos|17290560-9|Alejandro Acosta 262|+56956496573|1989-11-24|5|90|2|7|23|109|2023-09-24|2023-09-24
16|Enrique David|Valdés|Orellana|18517809-9|Arturo Prat 144|+56921914796|1993-12-28|2|91|1|7|23|109|2023-09-24|2023-09-24
17|Mateo Brian|Ruiz|Castro|17956548-K|Rogelio Ugarte 35|+56979470085|1992-02-13|4|92|1|7|23|109|2023-09-24|2023-09-24
18|Javiera Anaís|Vera|Valdés|16967890-1|Alamos 1004|+56975125642|1988-10-27|5|93|2|7|23|109|2023-09-24|2023-09-24
19|Victoria Clara|Toro|Sandoval|18506488-3|General Jarpa 278|+56968834091|1993-12-14|2|94|2|7|23|109|2023-09-24|2023-09-24
20|Ximena Lila|Sepúlveda|Ortega|19761716-0|Traslaviña 572|+56984801941|1998-02-21|4|95|2|7|23|109|2023-09-24|2023-09-24
21|Belén Carolina|Leiva|Pizarro|16181550-0|Pedro De La Barra 1347|+56994699662|1986-03-13|4|96|2|7|23|109|2023-09-24|2023-09-24
22|Débora Valeria|Carvajal|Miranda|17345918-1|Blas Cañas 731|+56918277775|1990-01-30|3|97|2|7|23|109|2023-09-24|2023-09-24
23|Alonso Nicolao|Riquelme|Sanhueza|20158321-7|Pasaje Aguirre 467|+56921637156|1999-06-19|3|98|1|7|23|109|2023-09-24|2023-09-24
24|Emmanuel Gustavo|Miranda|Cáceres|17194013-3|San Francisco 1487|+56945550972|1989-07-29|3|99|1|7|23|109|2023-09-24|2023-09-24
25|Rodrigo Julián|Castillo|Valdés|19430442-0|Almirante Churruca 1541|+56949882537|1997-01-13|5|100|1|7|23|109|2023-09-24|2023-09-24
26|Victoria Magdalena|Zúñiga|Rivera|18137164-1|Vergara 390|+56976363549|1992-09-20|2|126|2|7|23|109|2023-09-24|2023-09-24
27|Lorenzo Simón|Aguilera|Bustos|18582093-9|German Riesco 1008|+56913580241|1994-03-16|4|127|1|7|23|109|2023-09-24|2023-09-24
28|Alejandro Maximiliano|Navarrete|Donoso|15967530-0|Avenida Manuel Rodríguez Norte 1673|+56938314350|1985-06-26|3|128|1|7|23|109|2023-09-24|2023-09-24
29|Magdalena Laura|Rodríguez|Pérez|19448112-8|Ramirez 1237|+56948234497|1997-02-03|5|129|2|7|23|109|2023-09-24|2023-09-24
30|Bautista Sebastián|Carrasco|Figueroa|17439125-4|Claudio Gay 212|+56954694231|1990-05-24|2|130|1|7|23|109|2023-09-24|2023-09-24
31|Antonia Karla|Espinoza|Henríquez|18574744-1|Avenida Carlos Silva Vildosola 868|+56914305872|1994-03-07|2|131|2|7|23|109|2023-09-24|2023-09-24
32|Valentina Agustina|Fuentes|Cortés|17014889-4|Quito 1026|+56946735768|1988-12-23|3|132|2|7|23|109|2023-09-24|2023-09-24
33|Ivanna Arantxa|Araya|Maldonado|15820506-8|Guayaquil 1329|+56967960813|1984-12-29|3|133|2|7|23|109|2023-09-24|2023-09-24
34|Fernando Patricio|Guzmán|Olivares|16550561-1|Francisco Pizarro 456|+56952061715|1987-06-06|4|134|1|7|23|109|2023-09-24|2023-09-24
35|Íñigo Federico|Salinas|Fuentes|19187424-2|Pasaje Espineira 1848|+56915593047|1996-03-23|2|135|1|7|23|109|2023-09-24|2023-09-24
36|Noelia Carolina|Zúñiga|Aravena|17701478-8|General Jarpa 1456|+56950908681|1991-04-08|5|136|2|7|23|109|2023-09-24|2023-09-24
37|Belén Francisca|Ortega|Gómez|15291497-0|Berta Fernández 650|+56961510635|1983-03-25|5|137|2|7|23|109|2023-09-24|2023-09-24
38|Orlando Ricardo|Gallardo|Carvajal|19906610-2|Plaza Manuel Rodríguez 33|+56927033818|1998-08-16|4|138|1|7|23|109|2023-09-24|2023-09-24
39|Almendra Constanza|García|Sepúlveda|16639849-5|Lincoyán Berrios 955|+56922646831|1987-09-23|2|139|2|7|23|109|2023-09-24|2023-09-24
40|Emilia Celia|Navarrete|Miranda|17924523-K|Herrera 1725|+56961634699|1992-01-05|2|140|2|7|23|109|2023-09-24|2023-09-24
41|Íñigo Daniel|Vargas|Vargas|17764575-3|Concha Castillo 1062|+56924573469|1991-06-24|5|141|1|7|23|109|2023-09-24|2023-09-24
42|Roberto Ignacio|González|García|18392071-5|Ricardo Poenisch 862|+56949560916|1993-07-28|3|142|1|7|23|109|2023-09-24|2023-09-24
43|Fernanda Mila|Jara|Cortés|17995342-0|Marcoleta 1715|+56968653000|1992-03-31|2|143|2|7|23|109|2023-09-24|2023-09-24
44|Diana Daniela|Vidal|Cortés|17813801-4|Yarur 563|+56963515483|1991-08-23|3|144|2|7|23|109|2023-09-24|2023-09-24
45|Pedro Rafael|Farias|Rodríguez|19306452-3|Davila Larraín 1516|+56998574127|1996-08-15|2|145|1|7|23|109|2023-09-24|2023-09-24
46|Sebastián Simón|Orellana|Rojas|17466767-5|Gaspar de la Barrera 769|+56953911755|1990-06-26|5|146|1|7|23|109|2023-09-24|2023-09-24
47|Aroha Paulina|Donoso|Gallardo|18594563-4|Almirante Hurtado 1143|+56910048913|1994-03-31|2|147|2|7|23|109|2023-09-24|2023-09-24
48|Belén Luna|Acevedo|Flores|17458397-8|José Ramón Gutierrez 148|+56988364055|1990-06-16|2|148|2|7|23|109|2023-09-24|2023-09-24
49|Constantino Santiago|Torres|Muñoz|18518981-3|Barcelona 1754|+56982466438|1993-12-29|3|149|1|7|23|109|2023-09-24|2023-09-24
50|Vania Martina|Venegas|Alvarado|14996139-9|Manuel Antonio Tocornal 720|+56956781471|1982-03-30|5|150|2|7|23|109|2023-09-24|2023-09-24
51|Matías Joshua|Sandoval|Carvajal|16865746-3|General González Balcarce 161|+56988877495|1988-06-24|5|176|1|7|23|109|2023-09-24|2023-09-24
52|Valentino Íñigo|Valdés|Espinoza|19750883-3|Ñuble 79|+56931769598|1998-02-07|5|177|1|7|23|109|2023-09-24|2023-09-24
53|Celia Katia|Vásquez|Guzmán|15725479-0|Enrique Mac Iver 437|+56969479470|1984-09-04|4|178|2|7|23|109|2023-09-24|2023-09-24
54|Lorenzo Diego|Farias|Alvarado|17466374-2|Doctor Díaz Velasco 166|+56987603141|1990-06-26|2|179|1|7|23|109|2023-09-24|2023-09-24
55|Laura Elisa|Vera|Pizarro|15129945-8|Martínez de Rosas 1001|+56916839899|1982-09-09|4|180|2|7|23|109|2023-09-24|2023-09-24
56|Elías Patricio|Molina|Godoy|18950642-2|Agustín Edwards 902|+56986449434|1995-06-08|2|181|1|7|23|109|2023-09-24|2023-09-24
57|Elías Elías|Ortega|Carrasco|17186627-8|Urzua 519|+56972203598|1989-07-20|5|182|1|7|23|109|2023-09-24|2023-09-24
58|Brian Enrique|Torres|Campos|16474173-7|Placer 1755|+56972713783|1987-03-05|4|183|1|7|23|109|2023-09-24|2023-09-24
59|Luisa Martina|Rivera|Jara|15563040-K|Raulí 1652|+56975446267|1984-02-19|5|184|2|7|23|109|2023-09-24|2023-09-24
60|Matilda Manuela|Carvajal|Peña|19405345-2|Guillermo Marconi 403|+56983005222|1996-12-13|2|185|2|7|23|109|2023-09-24|2023-09-24
61|Lucca Jorge|Guzmán|Pizarro|15705578-K|Plaza Manuel Rodríguez 238|+56981692648|1984-08-10|5|186|1|7|23|109|2023-09-24|2023-09-24
62|Ariadna Macarena|Araya|Carvajal|15756333-5|Pasaje Espineira 1723|+56975877138|1984-10-11|2|187|2|7|23|109|2023-09-24|2023-09-24
63|Leonardo Franco|Muñoz|Figueroa|19470330-9|Calle Abdón Cifuentes 1618|+56941102595|1997-03-02|4|188|1|7|23|109|2023-09-24|2023-09-24
64|Lila Alba|Maldonado|Espinoza|17025388-4|Alamos 572|+56943612709|1989-01-05|5|189|2|7|23|109|2023-09-24|2023-09-24
65|Jorge Thiago|Pino|Cáceres|19182843-7|García Reyes 256|+56987056349|1996-03-17|2|190|1|7|23|109|2023-09-24|2023-09-24
66|Karina Fernanda|Figueroa|Silva|14855180-4|Juan Fernández Blanco 1147|+56931032061|1981-10-09|5|191|2|7|23|109|2023-09-24|2023-09-24
67|Marco Germán|Peña|Parra|19659970-3|Arauco 1278|+56933358795|1997-10-20|5|192|1|7|23|109|2023-09-24|2023-09-24
68|Alejandro Tobías|Hernández|Núñez|17373050-0|Pedro León Ugalde 367|+56925770884|1990-03-04|3|193|1|7|23|109|2023-09-24|2023-09-24
69|Valentino Matías|Salazar|Godoy|18202815-0|Juan Fernández Blanco 230|+56993485966|1992-12-09|4|194|1|7|23|109|2023-09-24|2023-09-24
70|Lorenzo Gaspar|Hernández|Guzmán|17316189-1|La Fetra 1549|+56936040740|1989-12-25|3|195|1|7|23|109|2023-09-24|2023-09-24
71|Iván Sebastián|Flores|Bustos|15693391-0|Pasaje San Alfonso 58|+56926367645|1984-07-27|3|196|1|7|23|109|2023-09-24|2023-09-24
72|Valentino Gabriel|Carvajal|Núñez|17202412-2|Vergara 776|+56928519925|1989-08-08|4|197|1|7|23|109|2023-09-24|2023-09-24
73|Lara Valentina|Pérez|Guzmán|19287861-6|El Arrayan 367|+56973825410|1996-07-23|4|198|2|7|23|109|2023-09-24|2023-09-24
74|Erick Hernán|Ortega|Vera|18628369-4|Pasaje Nueva 2 747|+56940369651|1994-05-12|3|199|1|7|23|109|2023-09-24|2023-09-24
75|Constanza Mireya|Díaz|Ortega|17433951-1|Urzua 1016|+56977273322|1990-05-17|5|200|2|7|23|109|2023-09-24|2023-09-24
76|Elías Simón|Rojas|Farias|16771780-2|Las Acacias 517|+56933831287|1988-03-02|3|226|1|7|23|109|2023-09-24|2023-09-24
77|Joaquín Pedro|Rojas|Godoy|15056575-8|Arzobispo Valenzuela 1906|+56975555851|1982-06-12|5|227|1|7|23|109|2023-09-24|2023-09-24
78|Romina Antonia|Riquelme|Muñoz|18926450-K|Virginia Opazo 1802|+56967174504|1995-05-10|2|228|2|7|23|109|2023-09-24|2023-09-24
79|Kian Jhon|Molina|Sepúlveda|15896166-0|Agustinas 1233|+56968994549|1985-03-31|4|229|1|7|23|109|2023-09-24|2023-09-24
80|Leonardo Damián|Venegas|Rodríguez|16974160-3|Las Acacias 374|+56973925417|1988-11-03|4|230|1|7|23|109|2023-09-24|2023-09-24
81|Ian Lucca|Jara|Acevedo|17783107-7|Bascuñán Guerrero 275|+56938078806|1991-07-17|3|231|1|7|23|109|2023-09-24|2023-09-24
82|Yolanda Aitana|Vera|Navarro|16248981-K|Martínez de Rosas 630|+56925783956|1986-06-04|2|232|2|7|23|109|2023-09-24|2023-09-24
83|Ximena Rosario|Hernández|Medina|16887634-3|Cueto 644|+56976456554|1988-07-21|2|233|2|7|23|109|2023-09-24|2023-09-24
84|Paulo Ignacio|Rivera|Tapia|17634831-3|Ignacio Valdivieso 1973|+56965663909|1991-01-17|2|234|1|7|23|109|2023-09-24|2023-09-24
85|Áxel Jair|Farias|Cárdenas|15723251-7|Ramirez 1890|+56983593829|1984-09-01|5|235|1|7|23|109|2023-09-24|2023-09-24
86|Ainhoa Rosario|Toro|Díaz|17643157-1|Las Encinas 1937|+56960974652|1991-01-27|2|236|2|7|23|109|2023-09-24|2023-09-24
87|Karina Olivia|Flores|Garrido|16018434-5|Chañarcillo 310|+56995873069|1985-08-27|4|237|2|7|23|109|2023-09-24|2023-09-24
88|Isidoro Kevin|Herrera|Salazar|19302725-3|Mensía de los Nidos 784|+56987337493|1996-08-10|5|238|1|7|23|109|2023-09-24|2023-09-24
89|Valentino Orlando|Navarrete|Salinas|18871576-1|Mosqueto 403|+56924674486|1995-03-04|4|239|1|7|23|109|2023-09-24|2023-09-24
90|Gustavo Damián|Sáez|Herrera|17351388-7|Alejandro Acosta 1511|+56946542679|1990-02-06|4|240|1|7|23|109|2023-09-24|2023-09-24
91|Fernando Damián|Acevedo|Tapia|16194865-9|Luis Cousiño 1572|+56918643795|1986-03-30|5|241|1|7|23|109|2023-09-24|2023-09-24
92|Aitana Josefina|Vargas|Torres|18025618-0|Pasaje San Alfonso 902|+56927930127|1992-05-07|2|242|2|7|23|109|2023-09-24|2023-09-24
93|Katia Alejandra|Salazar|Espinoza|19019145-1|Raulí 1856|+56948439018|1995-08-31|5|243|2|7|23|109|2023-09-24|2023-09-24
94|Kevin Francisco|Jiménez|Hernández|17575683-3|Avenida 10 de Julio 300|+56996274145|1990-11-06|3|244|1|7|23|109|2023-09-24|2023-09-24
95|Anaís Débora|Hernández|Álvarez|15402857-9|María Arteaga 372|+56937949356|1983-08-08|2|245|2|7|23|109|2023-09-24|2023-09-24
96|Oliver Simón|Salinas|Olivares|18489835-7|Arturo Prat 213|+56969784117|1993-11-24|4|246|1|7|23|109|2023-09-24|2023-09-24
97|Francisca Alexandra|Zúñiga|Salazar|19619413-4|Pedro De La Barra 951|+56985014140|1997-08-31|5|247|2|7|23|109|2023-09-24|2023-09-24
98|Nerea Josefina|Aravena|Carvajal|17510870-K|Luis Cousiño 468|+56983893295|1990-08-19|2|248|2|7|23|109|2023-09-24|2023-09-24
99|Ignacio Franco|Morales|Reyes|14868569-K|Meiggs 498|+56953046664|1981-10-26|2|249|1|7|23|109|2023-09-24|2023-09-24
100|Salomé Salomé|Carrasco|Hernández|19666851-9|Pasaje Amstrong 617|+56987225510|1997-10-28|4|250|2|7|23|109|2023-09-24|2023-09-24
101|Sebastián Gustavo|Riquelme|Campos|17883092-9|Lord Cochrane 1061|+56920995681|1991-11-16|2|276|1|7|23|109|2023-09-24|2023-09-24
102|Mía Débora|Olivares|Guerrero|14823209-1|Almirante Hurtado 760|+56930403187|1981-08-31|2|277|2|7|23|109|2023-09-24|2023-09-24
103|Dominique Carolina|Cortés|Farias|15058763-8|Dieciocho 268|+56999986572|1982-06-14|2|278|2|7|23|109|2023-09-24|2023-09-24
104|Daniela Amanda|Sepúlveda|Poblete|19288534-5|Coquimbo 1141|+56965404803|1996-07-24|2|279|2|7|23|109|2023-09-24|2023-09-24
105|León Martín|Sepúlveda|Zúñiga|16350143-0|Pasaje La Raza 1975|+56966807942|1986-10-05|2|280|1|7|23|109|2023-09-24|2023-09-24
106|Mila Valentina|Escobar|Alarcón|17926557-5|General Jarpa 1453|+56958703571|1992-01-08|2|281|2|7|23|109|2023-09-24|2023-09-24
107|Vicente Federico|Fernández|Parra|14915783-2|Cóndor 540|+56966305070|1981-12-22|3|282|1|7|23|109|2023-09-24|2023-09-24
108|Sebastián Gael|Garrido|Morales|16912390-K|Madrid 1598|+56988749558|1988-08-20|5|283|1|7|23|109|2023-09-24|2023-09-24
109|Mireya Mía|Valenzuela|Valenzuela|17674275-5|Burdeos 1828|+56966084861|1991-03-06|5|284|2|7|23|109|2023-09-24|2023-09-24
110|Nicolás Federico|Araya|Ruiz|17945414-9|Milán 543|+56982935762|1992-01-31|4|285|1|7|23|109|2023-09-24|2023-09-24
111|Miguel Daniel|Rivera|Sanhueza|14874627-3|Purén Indómito 1779|+56936472416|1981-11-02|4|286|1|7|23|109|2023-09-24|2023-09-24
112|Isaac Fernando|Flores|Medina|19339822-7|Francisco Pizarro 1917|+56995673590|1996-09-24|3|287|1|7|23|109|2023-09-24|2023-09-24
113|Jorge Samuel|Moreno|Vergara|15097591-3|Lincoyán Berrios 1782|+56964900941|1982-08-01|2|288|1|7|23|109|2023-09-24|2023-09-24
114|Germán Carlos|Farias|Ortega|17162082-1|General Baquedano 48|+56978985331|1989-06-20|5|289|1|7|23|109|2023-09-24|2023-09-24
115|Ariadna Anaís|Bustamente|Vera|18907676-2|José Ramón Gutierrez 1046|+56993947252|1995-04-17|4|290|2|7|23|109|2023-09-24|2023-09-24
116|Leonardo Esteban|Saavedra|López|19249743-4|Sepúlveda Leyton 1684|+56994903292|1996-06-07|2|291|1|7|23|109|2023-09-24|2023-09-24
117|Jorge Omar|Araya|Vásquez|19082660-0|Nicanor De La Sotta 500|+56920407114|1995-11-16|4|292|1|7|23|109|2023-09-24|2023-09-24
118|Olivia Daniela|Vidal|Pizarro|17761023-2|Luis Cousiño 1285|+56949913203|1991-06-20|4|293|2|7|23|109|2023-09-24|2023-09-24
119|Martín Roberto|Carvajal|Gutiérrez|17245533-6|Monjitas 523|+56999144752|1989-09-30|4|294|1|7|23|109|2023-09-24|2023-09-24
120|Bautista Joshua|Herrera|Sánchez|18020448-2|Nueva Imperial 787|+56917662174|1992-05-01|3|295|1|7|23|109|2023-09-24|2023-09-24
121|Daniel Juan|Leiva|Sepúlveda|18050293-9|Herboso 501|+56930604969|1992-06-06|5|296|1|7|23|109|2023-09-24|2023-09-24
122|Martín Tobías|Tapia|Peña|18269329-4|Mariluán 1507|+56950860381|1993-02-28|4|297|1|7|23|109|2023-09-24|2023-09-24
123|Mauricio Federico|Muñoz|Castillo|16920846-8|San Martin 631|+56997681989|1988-08-30|4|298|1|7|23|109|2023-09-24|2023-09-24
124|Alejandra Carolina|Díaz|Aguilera|19598832-3|Doctor Díaz Velasco 782|+56915568290|1997-08-06|5|299|2|7|23|109|2023-09-24|2023-09-24
125|Gabriel Lucca|Cáceres|Campos|17963837-1|Raimundo Larraín 1852|+56931879522|1992-02-22|3|300|1|7|23|109|2023-09-24|2023-09-24
126|Luisa Alexandra|Cáceres|Flores|17115494-4|Angamos 689|+56930970892|1989-04-24|3|326|2|7|23|109|2023-09-24|2023-09-24
127|Josefina Renata|Orellana|Álvarez|18947018-5|Santa María 519|+56920639698|1995-06-04|2|327|2|7|23|109|2023-09-24|2023-09-24
128|Dominique Belén|Sandoval|Bustos|16214842-7|Marcoleta 1880|+56926019881|1986-04-23|5|328|2|7|23|109|2023-09-24|2023-09-24
129|Germán Benjamín|Leiva|Hernández|19447950-6|Mariluán 1773|+56953707770|1997-02-03|3|329|1|7|23|109|2023-09-24|2023-09-24
130|Valentina Camila|Gutiérrez|Vega|17069405-8|Agustinas 1725|+56960020594|1989-02-27|2|330|2|7|23|109|2023-09-24|2023-09-24
131|Nerea Nicole|Acuña|Pérez|17933405-4|Sierra Bella 1274|+56971716312|1992-01-16|5|331|2|7|23|109|2023-09-24|2023-09-24
132|Joshua Miguel|Bravo|Herrera|16272217-4|Guacolda 1531|+56926998679|1986-07-02|3|332|1|7|23|109|2023-09-24|2023-09-24
133|Eduardo Leonardo|Riquelme|Saavedra|14629986-5|Centenario 985|+56933629966|1981-01-08|4|333|1|7|23|109|2023-09-24|2023-09-24
134|Mía Julieta|Rivera|Sánchez|17413039-6|Obispo Edwards 287|+56944395566|1990-04-22|2|334|2|7|23|109|2023-09-24|2023-09-24
135|Verónica Blanca|Vásquez|Álvarez|14720677-1|Arturo Calvo 194|+56966920984|1981-04-28|4|335|2|7|23|109|2023-09-24|2023-09-24
136|Xander Jairo|Zúñiga|Bustos|15770168-1|Herrera 1597|+56938233096|1984-10-28|5|336|1|7|23|109|2023-09-24|2023-09-24
137|Laura Claudia|Ramírez|García|18232162-1|Mapocho 285|+56979490650|1993-01-14|5|337|2|7|23|109|2023-09-24|2023-09-24
138|Isaac Julián|Saavedra|Vergara|15827634-8|Romero 1087|+56926256927|1985-01-06|2|338|1|7|23|109|2023-09-24|2023-09-24
139|Isabella Magdalena|López|Lagos|15463873-3|Pasaje Bacuñan Guerrero 1154|+56943047420|1983-10-21|5|339|2|7|23|109|2023-09-24|2023-09-24
140|Germán Benjamín|Fuentes|Toro|15813892-1|Aconcagua 1369|+56990764531|1984-12-20|3|340|1|7|23|109|2023-09-24|2023-09-24
141|Blanca Sofía|Martínez|Gallardo|14705966-3|Manuel Antonio Tocomal 1011|+56966256360|1981-04-11|4|341|2|7|23|109|2023-09-24|2023-09-24
142|Jairo Vicente|Carrasco|Poblete|16635279-7|Yarur 1293|+56977775627|1987-09-17|4|342|1|7|23|109|2023-09-24|2023-09-24
143|Franco Pedro|Leiva|Vergara|17891628-9|Aconcagua 1232|+56990592914|1991-11-26|5|343|1|7|23|109|2023-09-24|2023-09-24
144|Gustavo Pedro|Gutiérrez|Aguilera|17970527-3|Pasaje 4 1746|+56921322777|1992-03-01|2|344|1|7|23|109|2023-09-24|2023-09-24
145|Aroha Sofía|Vergara|Hernández|15215779-7|Pasaje Malaquita 630|+56941232296|1982-12-23|2|345|2|7|23|109|2023-09-24|2023-09-24
146|María Karina|Lagos|Jara|17835000-5|Santa Isabel 902|+56927426349|1991-09-18|2|346|2|7|23|109|2023-09-24|2023-09-24
147|Anaís Carolina|Campos|Pino|16323643-5|Manuel Valenzuela 149|+56959570644|1986-09-03|4|347|2|7|23|109|2023-09-24|2023-09-24
148|Elisa Nicole|Escobar|Morales|14968498-0|Zenteno 1572|+56932056990|1982-02-24|2|348|2|7|23|109|2023-09-24|2023-09-24
149|Natalia Matilda|Moreno|Silva|16952343-6|San Isidro 406|+56932424965|1988-10-08|4|349|2|7|23|109|2023-09-24|2023-09-24
150|Marcelo Rubén|Álvarez|Martínez|16473767-5|Sierra Bella 1535|+56951620255|1987-03-04|3|350|1|7|23|109|2023-09-24|2023-09-24
151|Ainhoa Jimena|Henríquez|Sanhueza|14845299-7|Lincoln 1749|+56933115739|1981-09-27|4|376|2|7|23|109|2023-09-24|2023-09-24
152|Roberto Julián|Rivera|Garrido|16685137-8|Centenario 1288|+56924000492|1987-11-17|3|377|1|7|23|109|2023-09-24|2023-09-24
153|Valeria Emilia|Ramírez|Vidal|17344005-7|Pasaje La Raza 692|+56949361501|1990-01-28|3|378|2|7|23|109|2023-09-24|2023-09-24
154|Paulo Tobías|Díaz|Valenzuela|15664799-3|Príncipe de Gales 1307|+56981145376|1984-06-22|5|379|1|7|23|109|2023-09-24|2023-09-24
155|Gabriela Renata|Bustamente|Riquelme|17871308-6|Marcoleta 1421|+56921164347|1991-11-01|3|380|2|7|23|109|2023-09-24|2023-09-24
156|Santiago Elías|Maldonado|Navarrete|16312293-6|Santiaguillo 1963|+56994625152|1986-08-20|3|381|1|7|23|109|2023-09-24|2023-09-24
157|Ignacio Thiago|Guerrero|Riquelme|18898711-7|Perez Freire 1553|+56994063115|1995-04-06|2|382|1|7|23|109|2023-09-24|2023-09-24
158|Franco Miguel|Cárdenas|Donoso|18077448-3|Sierra Bella 532|+56958133253|1992-07-09|2|383|1|7|23|109|2023-09-24|2023-09-24
159|Catalina Martina|Poblete|Pino|17503726-8|Pasaje Avellanos 1853|+56997337042|1990-08-10|5|384|2|7|23|109|2023-09-24|2023-09-24
160|Ignacio Sebastián|Molina|Carrasco|18295821-2|Delirio 477|+56933812972|1993-04-01|2|385|1|7|23|109|2023-09-24|2023-09-24
161|María Layla|Henríquez|López|16214538-K|Atacama 1775|+56910616218|1986-04-23|4|386|2|7|23|109|2023-09-24|2023-09-24
162|Elisa Amelia|Valdés|Araya|18925973-5|Santa Elvira 1123|+56977342833|1995-05-09|4|387|2|7|23|109|2023-09-24|2023-09-24
163|Kevin Rafael|Salinas|Vásquez|14906118-5|Santa Ana 326|+56954211690|1981-12-10|2|388|1|7|23|109|2023-09-24|2023-09-24
164|Aroha Luciana|Sepúlveda|Gallardo|16379654-6|Davila Larraín 495|+56935273204|1986-11-10|4|389|2|7|23|109|2023-09-24|2023-09-24
165|Nicolás Francisco|Sánchez|Sáez|15655531-2|Calle Echaurren 383|+56928627649|1984-06-11|4|390|1|7|23|109|2023-09-24|2023-09-24
166|Camila Emma|Parra|Álvarez|18198844-4|Pedro Montt 1608|+56912954856|1992-12-04|3|391|2|7|23|109|2023-09-24|2023-09-24
167|Jairo Cristóbal|Bustos|Donoso|17459782-0|Echaurren 358|+56938595180|1990-06-18|3|392|1|7|23|109|2023-09-24|2023-09-24
168|Paulina Mía|Zúñiga|Soto|17973471-0|Domeyko 206|+56918558650|1992-03-05|4|393|2|7|23|109|2023-09-24|2023-09-24
169|Jimena Brisa|Carrasco|Molina|18474036-2|San Francisco 1329|+56934419623|1993-11-05|4|394|2|7|23|109|2023-09-24|2023-09-24
170|Josefina Laura|Aguilera|Godoy|14753709-3|Pasaje 2 1906|+56983599038|1981-06-08|4|395|2|7|23|109|2023-09-24|2023-09-24
171|Sol Rosario|Jara|Lagos|16522488-4|Plaza de Armas 1963|+56992660937|1987-05-03|2|396|2|7|23|109|2023-09-24|2023-09-24
172|Alejandro Vicente|Sáez|Miranda|18300049-7|Curicó 1607|+56982621590|1993-04-07|5|397|1|7|23|109|2023-09-24|2023-09-24
173|Luisa Antonia|Toro|Bustamente|17618390-K|Cueto 1841|+56996541639|1990-12-28|4|398|2|7|23|109|2023-09-24|2023-09-24
174|Dominique Diana|Torres|Farias|15801921-3|Doctor Sotero del Río 955|+56917095231|1984-12-06|4|399|2|7|23|109|2023-09-24|2023-09-24
175|Gabriela Almendra|Zúñiga|Muñoz|16925912-7|Madrid 810|+56924143184|1988-09-05|5|400|2|7|23|109|2023-09-24|2023-09-24
176|Maximiliano Francisco|Peña|Sepúlveda|18499179-9|Máximo Humbser 584|+56969434493|1993-12-05|4|426|1|7|23|109|2023-09-24|2023-09-24
177|Thiago Orlando|Rojas|Bustos|18720443-7|Mario Kreutzberger 1928|+56952083757|1994-09-01|2|427|1|7|23|109|2023-09-24|2023-09-24
178|Violeta Esmeralda|Salazar|Maldonado|14601879-3|Meiggs 1159|+56983557861|1980-12-05|3|428|2|7|23|109|2023-09-24|2023-09-24
179|Ximena Amanda|Pizarro|Díaz|17125450-7|Pasaje Las Quedereguas 1378|+56939036049|1989-05-06|2|429|2|7|23|109|2023-09-24|2023-09-24
180|Rodrigo Thiago|Vidal|Zúñiga|18725643-7|Arauco 1367|+56993579013|1994-09-07|3|430|1|7|23|109|2023-09-24|2023-09-24
181|Derek David|Gómez|Venegas|17686935-6|Victoria 1715|+56957121192|1991-03-22|5|431|1|7|23|109|2023-09-24|2023-09-24
182|Camilo Valentino|Gómez|Carrasco|17085634-1|Rosaura Acuña 51|+56917385491|1989-03-19|2|432|1|7|23|109|2023-09-24|2023-09-24
183|Lucca Enrique|Garrido|Escobar|17964375-8|Mosqueto 1293|+56968413397|1992-02-23|2|433|1|7|23|109|2023-09-24|2023-09-24
184|Paz Salomé|Carrasco|Sanhueza|15498901-3|Cienfuegos 1886|+56937906685|1983-12-03|5|434|2|7|23|109|2023-09-24|2023-09-24
185|Gabriela Ivanna|Ortiz|Rodríguez|16550480-1|Milán 912|+56978621572|1987-06-06|5|435|2|7|23|109|2023-09-24|2023-09-24
186|Simón Elías|Henríquez|Carrasco|14433459-0|Pasaje Catalan 1838|+56991555748|1980-05-14|5|436|1|7|23|109|2023-09-24|2023-09-24
187|Lila Noelia|Gallardo|González|16764220-9|Rafael Sotomayor 1356|+56932966478|1988-02-21|3|437|2|7|23|109|2023-09-24|2023-09-24
188|Iván Isaac|Díaz|Bravo|16169313-8|Llano Subercaseaux 596|+56941469241|1986-02-27|3|438|1|7|23|109|2023-09-24|2023-09-24
189|Alejandro Walter|García|Alarcón|17472290-0|Santa Ana 1474|+56916950668|1990-07-03|2|439|1|7|23|109|2023-09-24|2023-09-24
190|Brian Cristian|Sáez|Guerrero|17622849-0|Exposición 1750|+56968318335|1991-01-03|4|440|1|7|23|109|2023-09-24|2023-09-24
191|Alexandra Francisca|Donoso|Valenzuela|18730925-5|Pedro De La Barra 704|+56938510172|1994-09-14|2|441|2|7|23|109|2023-09-24|2023-09-24
192|Ariadna Isabella|Sáez|Romero|18475501-7|Huérfanos 1498|+56919023203|1993-11-06|5|442|2|7|23|109|2023-09-24|2023-09-24
193|Yolanda Sara|Moreno|Espinoza|16553895-1|Las Carabelas 1073|+56955943599|1987-06-10|4|443|2|7|23|109|2023-09-24|2023-09-24
194|Valeria Diana|Guerrero|Saavedra|17365903-2|Cautin 678|+56963832927|1990-02-23|3|444|2|7|23|109|2023-09-24|2023-09-24
195|Fernanda Catalina|Núñez|Sepúlveda|17387202-K|Jaime Eyzaguirre 1750|+56970620909|1990-03-21|3|445|2|7|23|109|2023-09-24|2023-09-24
196|Dominique Antonella|Escobar|Araya|14610339-1|Tracción 21 1141|+56924146887|1980-12-15|4|446|2|7|23|109|2023-09-24|2023-09-24
197|Javiera Kiara|Olivares|Bustamente|15845465-3|Lord Cochrane 725|+56985558520|1985-01-28|4|447|2|7|23|109|2023-09-24|2023-09-24
198|Mía Blanca|Rojas|Navarrete|15074227-7|Marina de Gaete 319|+56922464788|1982-07-03|3|448|2|7|23|109|2023-09-24|2023-09-24
199|David Álvaro|Riquelme|Torres|18815904-4|Guillermo Marconi 503|+56978316550|1994-12-26|5|449|1|7|23|109|2023-09-24|2023-09-24
200|Zoe Yolanda|Salazar|Zúñiga|15525254-5|El Carmelo 1296|+56975120208|1984-01-04|5|450|2|7|23|109|2023-09-24|2023-09-24
201|Jorge Ismael|Acuña|Rojas|17428608-6|Echaurren 1352|+56952651134|1990-05-11|2|476|1|7|23|109|2023-09-24|2023-09-24
202|Kevin Ignacio|Moreno|Donoso|14524483-8|Avenida Ricardo Cumming 1152|+56914485323|1980-09-01|2|477|1|7|23|109|2023-09-24|2023-09-24
203|Amanda Ariadna|Ortega|Núñez|18053671-K|Avenida J.J. Prieto 1379|+56959343273|1992-06-10|4|478|2|7|23|109|2023-09-24|2023-09-24
204|Brian Mauricio|Carrasco|Soto|14945220-6|Tucapel 1488|+56991677629|1982-01-27|2|479|1|7|23|109|2023-09-24|2023-09-24
205|Cristian Eduardo|Vergara|Acuña|15160502-8|Pasaje Chiloé 103|+56976096308|1982-10-16|3|480|1|7|23|109|2023-09-24|2023-09-24
206|Florencia Samantha|Sandoval|Venegas|14184704-K|Las Encinas 417|+56983355627|1979-07-15|5|481|2|7|23|109|2023-09-24|2023-09-24
207|Cristian León|Parra|Leiva|14468055-3|Rosaura Acuña 371|+56948409899|1980-06-25|5|482|1|7|23|109|2023-09-24|2023-09-24
208|Franco Maximiliano|Miranda|Valenzuela|18379452-3|Pasaje Republica 238|+56928749250|1993-07-12|3|483|1|7|23|109|2023-09-24|2023-09-24
209|Blanca Camila|Miranda|Palma|17905949-5|Fábrica 963|+56984481654|1991-12-13|3|484|2|7|23|109|2023-09-24|2023-09-24
210|Leonardo Ricardo|Leiva|Saavedra|17661285-1|Dr. Allende Padín 475|+56954813430|1991-02-18|4|485|1|7|23|109|2023-09-24|2023-09-24
211|Damián Bautista|Martínez|Medina|16926488-0|San Alfonso 1449|+56957849342|1988-09-06|2|486|1|7|23|109|2023-09-24|2023-09-24
212|Tamara Giovanna|Gallardo|Vásquez|18217615-K|Avenida Almirante Blanco Encalada 740|+56967337015|1992-12-27|5|487|2|7|23|109|2023-09-24|2023-09-24
213|Marco Constantino|Navarrete|Cáceres|17954995-6|Allende 10|+56969655058|1992-02-11|2|488|1|7|23|109|2023-09-24|2023-09-24
214|Andrés Camilo|Araya|Jara|16191693-5|Corte Suprema 1320|+56992270171|1986-03-26|2|489|1|7|23|109|2023-09-24|2023-09-24
215|Carla Rosario|Saavedra|Fernández|13933554-6|San Isidro 127|+56966760817|1978-09-12|3|490|2|7|23|109|2023-09-24|2023-09-24
216|Kian Matías|Farias|Gallardo|15398363-1|Arquitecto Luciano Kulczewski 707|+56960836544|1983-08-02|2|491|1|7|23|109|2023-09-24|2023-09-24
217|Violeta Nerea|Poblete|Zúñiga|14580470-1|Padre Orellana 923|+56976460113|1980-11-09|4|492|2|7|23|109|2023-09-24|2023-09-24
218|Xander Agustín|Godoy|Castro|17381164-0|Juan Fernández Blanco 780|+56968575042|1990-03-14|3|493|1|7|23|109|2023-09-24|2023-09-24
219|Aroha Alexa|Guzmán|Guerrero|15865581-0|Rodulfo Amando Philippi 1714|+56971734295|1985-02-21|2|494|2|7|23|109|2023-09-24|2023-09-24
220|Daniel Marco|Vásquez|Poblete|14594748-0|Allende 359|+56956079384|1980-11-26|3|495|1|7|23|109|2023-09-24|2023-09-24
221|Violeta Brisa|Toro|Sáez|17370110-1|Pasaje San Alfonso 858|+56972614385|1990-03-01|4|496|2|7|23|109|2023-09-24|2023-09-24
222|Blanca Mila|Espinoza|Sepúlveda|16710480-0|Maipú 585|+56986389640|1987-12-18|4|497|2|7|23|109|2023-09-24|2023-09-24
223|Gael Joaquín|Gallardo|Alvarado|15608410-7|Guillermo Marconi 1954|+56983369593|1984-04-14|2|498|1|7|23|109|2023-09-24|2023-09-24
224|Jhon Cristian|Zúñiga|Poblete|16756457-7|Tres Puntas 1490|+56917366795|1988-02-12|3|499|1|7|23|109|2023-09-24|2023-09-24
225|Simón Maximiliano|Carrasco|Vargas|14955519-6|Nataniel Cox 1558|+56912996863|1982-02-09|3|500|1|7|23|109|2023-09-24|2023-09-24
226|Kian Roberto|Maldonado|Medina|14402080-4|Avenida Portugal 1281|+56970131383|1980-04-05|5|526|1|7|23|109|2023-09-24|2023-09-24
227|Mila Macarena|Castillo|Figueroa|17524897-8|Corte Suprema 615|+56983718270|1990-09-05|3|527|2|7|23|109|2023-09-24|2023-09-24
228|Isabella Valentina|Guerrero|Venegas|17661160-K|El Quijote 436|+56959890813|1991-02-18|4|528|2|7|23|109|2023-09-24|2023-09-24
229|Tomás Damián|Venegas|Carvajal|14000875-3|Almirante Churruca 1286|+56955446044|1978-12-03|5|529|1|7|23|109|2023-09-24|2023-09-24
230|Álvaro Federico|Miranda|Farias|16657267-3|San Rafael 338|+56951933039|1987-10-14|2|530|1|7|23|109|2023-09-24|2023-09-24
231|Gustavo Juan|Contreras|Olivares|16538991-3|Echaurren 188|+56967210079|1987-05-23|5|531|1|7|23|109|2023-09-24|2023-09-24
232|Nicole Josefina|Bravo|Jara|18289375-7|Los Retamos 1575|+56985899461|1993-03-25|5|532|2|7|23|109|2023-09-24|2023-09-24
233|Jhon Leonardo|Donoso|Rivera|16524019-7|Lincoyán Berrios 599|+56989702133|1987-05-05|5|533|1|7|23|109|2023-09-24|2023-09-24
234|León Ricardo|Silva|Aravena|18634052-3|Avenida General Rondizzoni 312|+56912183029|1994-05-19|2|534|1|7|23|109|2023-09-24|2023-09-24
235|Gustavo Hernán|Fernández|López|17253622-0|Davila Larraín 1074|+56946201417|1989-10-10|5|535|1|7|23|109|2023-09-24|2023-09-24
236|Constantino Joshua|Bustos|Valdés|18654193-6|Obispo Edwards 1738|+56927576506|1994-06-12|2|536|1|7|23|109|2023-09-24|2023-09-24
237|Orlando Enrique|Morales|Orellana|15644643-2|José Miguel Carrera 1747|+56959927163|1984-05-28|2|537|1|7|23|109|2023-09-24|2023-09-24
238|Nerea Victoria|Alvarado|Farias|14976823-8|Avenida 10 de Julio 1681|+56948725367|1982-03-07|4|538|2|7|23|109|2023-09-24|2023-09-24
239|Julián David|Valdés|Valenzuela|16223893-0|Mac Clure 1048|+56993815193|1986-05-04|5|539|1|7|23|109|2023-09-24|2023-09-24
240|Joaquín Jair|Pérez|Castillo|17144069-6|Pasaje Capuchinos 200|+56972491695|1989-05-29|3|540|1|7|23|109|2023-09-24|2023-09-24
241|David Caleb|Godoy|Henríquez|14756401-5|Artemio Gutierrez 753|+56917613489|1981-06-11|4|541|1|7|23|109|2023-09-24|2023-09-24
242|Leonardo Kevin|Vera|Donoso|17261329-2|Manuel Rodríguez Norte 1062|+56940516338|1989-10-19|2|542|1|7|23|109|2023-09-24|2023-09-24
243|Francisca Dominique|Álvarez|Cortés|14654941-1|Longavi 1098|+56990421632|1981-02-07|5|543|2|7|23|109|2023-09-24|2023-09-24
244|León Rodrigo|Alvarado|Díaz|15243623-8|Avenida Brasil 804|+56910286861|1983-01-26|4|544|1|7|23|109|2023-09-24|2023-09-24
245|Jairo Álvaro|Campos|Ramírez|15954408-7|Las Sophoras 766|+56951053225|1985-06-10|4|545|1|7|23|109|2023-09-24|2023-09-24
246|Valentina Magdalena|Vargas|Leiva|16297109-3|Santiago Concha 1900|+56990001794|1986-08-01|4|546|2|7|23|109|2023-09-24|2023-09-24
247|Julieta María|Rodríguez|Sanhueza|18937411-9|Guardian Juan Viedra 1260|+56915803735|1995-05-23|2|547|2|7|23|109|2023-09-24|2023-09-24
248|Rosario Verónica|Carvajal|Castillo|16345870-5|Echaurren 981|+56920494597|1986-09-30|2|548|2|7|23|109|2023-09-24|2023-09-24
249|Francisco Miguel|Núñez|Leiva|18364725-3|Carmen 1499|+56946864180|1993-06-24|2|549|1|7|23|109|2023-09-24|2023-09-24
250|Violeta Carla|Bustos|Reyes|18199672-2|Las Fucsias 1862|+56936811078|1992-12-05|4|550|2|7|23|109|2023-09-24|2023-09-24
251|Karla Clara|Lagos|García|18403084-5|Avenida Viel 1664|+56961774273|1993-08-10|5|576|2|7|23|109|2023-09-24|2023-09-24
252|Amanda Brisa|Rojas|González|17654760-K|Agustín Edwards 1770|+56919160141|1991-02-10|4|577|2|7|23|109|2023-09-24|2023-09-24
253|Blanca Constanza|Miranda|Cárdenas|16574302-4|Alamos 1326|+56951915010|1987-07-05|2|578|2|7|23|109|2023-09-24|2023-09-24
254|Débora Paulina|Ramírez|Castro|18754767-9|Baron Pierre de Coubertin 456|+56986696814|1994-10-13|2|579|2|7|23|109|2023-09-24|2023-09-24
255|Kevin Enrique|Jiménez|Alarcón|17671067-5|Martínez de Rosas 229|+56970495319|1991-03-02|5|580|1|7|23|109|2023-09-24|2023-09-24
256|Florencia Azul|Saavedra|Silva|14283447-2|San Agustín 1927|+56995839824|1979-11-13|3|581|2|7|23|109|2023-09-24|2023-09-24
257|Constantino Jhon|Pizarro|Espinoza|16504806-7|Avenida J.J. Prieto 1216|+56994260083|1987-04-11|4|582|1|7|23|109|2023-09-24|2023-09-24
258|Derek Joaquín|Guerrero|Moreno|15279227-1|Alcalde Flores 1420|+56939385803|1983-03-10|3|583|1|7|23|109|2023-09-24|2023-09-24
259|Elisa Paloma|Riquelme|Hernández|18300306-2|La Fetra 606|+56948160111|1993-04-07|3|584|2|7|23|109|2023-09-24|2023-09-24
260|Constanza Samantha|Torres|Carvajal|18042699-K|Yarur 392|+56910453362|1992-05-28|4|585|2|7|23|109|2023-09-24|2023-09-24
261|Kiara María|Jiménez|Torres|18217264-2|Maipú 537|+56939719957|1992-12-27|4|586|2|7|23|109|2023-09-24|2023-09-24
262|Matías Bautista|Rivera|Valenzuela|15384351-1|Gran Avenida José Miguel Carrera 452|+56982670817|1983-07-16|3|587|1|7|23|109|2023-09-24|2023-09-24
263|Daniel León|Rodríguez|Gallardo|17033288-1|Pasaje Maquis 667|+56965844667|1989-01-14|3|588|1|7|23|109|2023-09-24|2023-09-24
264|Cristian Kian|Gómez|Jara|16976073-K|Florencio Bahamondes 1192|+56943934216|1988-11-05|3|589|1|7|23|109|2023-09-24|2023-09-24
265|Verónica Blanca|Soto|Gómez|17934468-8|Los Algarrobos 1843|+56971117989|1992-01-17|3|590|2|7|23|109|2023-09-24|2023-09-24
266|Paz Emilia|Escobar|Bustamente|13689400-5|Pilcomayo 718|+56944393844|1977-11-19|2|591|2|7|23|109|2023-09-24|2023-09-24
267|Jairo Jhon|Poblete|Fernández|17638148-5|Pasaje Nueva 1 63|+56923251269|1991-01-21|2|592|1|7|23|109|2023-09-24|2023-09-24
268|Ian Samuel|Medina|Espinoza|17439621-3|Guacolda 1136|+56936784278|1990-05-24|5|593|1|7|23|109|2023-09-24|2023-09-24
269|Luciana Carolina|Peña|Pérez|17538986-5|Siria 1631|+56968359708|1990-09-22|2|594|2|7|23|109|2023-09-24|2023-09-24
270|Zahir Ethan|García|Díaz|13636741-2|Almirante Hurtado 1587|+56921396680|1977-09-16|2|595|1|7|23|109|2023-09-24|2023-09-24
271|Erick Joshua|Aravena|Núñez|18350790-7|Nicanor De La Sotta 1342|+56989303677|1993-06-07|5|596|1|7|23|109|2023-09-24|2023-09-24
272|Paola Jimena|Vega|Riquelme|14222175-6|Urzua 1040|+56962279879|1979-08-30|2|597|2|7|23|109|2023-09-24|2023-09-24
273|Sara Zoe|Vergara|García|14675575-5|General Moore 408|+56918570763|1981-03-05|4|598|2|7|23|109|2023-09-24|2023-09-24
274|Isaac Patricio|Orellana|Pino|13821438-9|Manuel Valenzuela 1375|+56969709583|1978-04-29|2|599|1|7|23|109|2023-09-24|2023-09-24
275|Eduardo Federico|Araya|Orellana|14084452-7|Agustín Edwards 368|+56934177294|1979-03-15|5|600|1|7|23|109|2023-09-24|2023-09-24
276|Karina Valentina|Miranda|Miranda|15480106-5|Pedro León Ugalde 1494|+56976774865|1983-11-10|3|626|2|7|23|109|2023-09-24|2023-09-24
277|Salomé Amelia|Navarro|Vera|17296630-6|Bandera 1528|+56928830958|1989-12-01|5|627|2|7|23|109|2023-09-24|2023-09-24
278|Franco Benjamín|Morales|Olivares|17004736-2|Baron Pierre de Coubertin 386|+56956633111|1988-12-10|3|628|1|7|23|109|2023-09-24|2023-09-24
279|Iván Roberto|Sanhueza|Vera|15331947-2|Allende 1964|+56933300044|1983-05-13|3|629|1|7|23|109|2023-09-24|2023-09-24
280|Jeremy Camilo|Araya|Morales|16019869-9|Pasaje Amstrong 295|+56936694254|1985-08-28|2|630|1|7|23|109|2023-09-24|2023-09-24
281|Karina Manuela|Vera|Pérez|14710006-K|Las Azucenas 505|+56998052288|1981-04-15|5|631|2|7|23|109|2023-09-24|2023-09-24
282|Elizabeth Amanda|Ortiz|Palma|16014313-4|Mario Kreutzberger 999|+56953445202|1985-08-22|3|632|2|7|23|109|2023-09-24|2023-09-24
283|Ismael Camilo|Jara|Romero|16862022-5|Príncipe de Gales 1029|+56921998853|1988-06-20|2|633|1|7|23|109|2023-09-24|2023-09-24
284|Erick Damián|Acuña|Romero|13917726-6|Ñuble 999|+56941693299|1978-08-24|2|634|1|7|23|109|2023-09-24|2023-09-24
285|Constantino Ismael|Pérez|Acuña|14395607-5|Rosales 1189|+56949166316|1980-03-28|2|635|1|7|23|109|2023-09-24|2023-09-24
286|Rodrigo Marcelo|Riquelme|Venegas|13731777-K|Valentín Letelier 1832|+56918551000|1978-01-10|5|636|1|7|23|109|2023-09-24|2023-09-24
287|Clara Valeria|Rojas|Vergara|18098805-K|Guacolda 759|+56961634695|1992-08-04|2|637|2|7|23|109|2023-09-24|2023-09-24
288|Olivia Paloma|Torres|Bustamente|14357629-9|Sara del Campo 1652|+56960825850|1980-02-11|3|638|2|7|23|109|2023-09-24|2023-09-24
289|Violeta Nicole|Acevedo|Sepúlveda|15740627-2|Mensía de los Nidos 1799|+56922560580|1984-09-22|4|639|2|7|23|109|2023-09-24|2023-09-24
290|Maximiliano Zahir|Sáez|Vergara|18118765-4|Alamos 718|+56911091609|1992-08-29|3|640|1|7|23|109|2023-09-24|2023-09-24
291|Samantha Valeria|Fernández|Espinoza|14421244-4|Chacabuco 1726|+56973390035|1980-04-29|2|641|2|7|23|109|2023-09-24|2023-09-24
292|Kian Áxel|Díaz|Vergara|18487953-0|Bandera 1796|+56985032999|1993-11-22|2|642|1|7|23|109|2023-09-24|2023-09-24
293|Nilo Thiago|Moreno|Martínez|17170141-4|Concha y Toro 1141|+56917050479|1989-06-30|4|643|1|7|23|109|2023-09-24|2023-09-24
294|Julieta Mía|Gutiérrez|Vega|14384727-6|Pasaje Baltra 1971|+56992895035|1980-03-15|3|644|2|7|23|109|2023-09-24|2023-09-24
295|Caleb Julián|Contreras|Bustamente|15071621-7|Urzua 1438|+56941291568|1982-06-30|5|645|1|7|23|109|2023-09-24|2023-09-24
296|Samantha Juanita|Carrasco|Vera|14415759-1|Francisco Pizarro 264|+56963860913|1980-04-22|2|646|2|7|23|109|2023-09-24|2023-09-24
297|Nicole Alba|Bustos|Cortés|14345672-2|Namur 727|+56939639817|1980-01-28|5|647|2|7|23|109|2023-09-24|2023-09-24
298|Ignacio Xander|Ortega|Parra|17769971-3|Primero de Mayo 1192|+56916354869|1991-07-01|4|648|1|7|23|109|2023-09-24|2023-09-24
299|Verónica Sofía|Pino|Maldonado|15579339-2|Celia Solar 1785|+56919355399|1984-03-10|2|649|2|7|23|109|2023-09-24|2023-09-24
300|Walter Vicente|Alarcón|Morales|13907138-7|Pasaje Las Quedereguas 1192|+56920369724|1978-08-11|5|650|1|7|23|109|2023-09-24|2023-09-24
301|María Juanita|Espinoza|López|18008274-3|Pasaje Nueva 2 465|+56915020139|1992-04-16|2|676|2|7|23|109|2023-09-24|2023-09-24
302|Lucca Gabriel|Torres|Yáñez|14776149-K|Blas Cañas 331|+56995488927|1981-07-05|3|677|1|7|23|109|2023-09-24|2023-09-24
303|Claudia Yasna|Vera|Díaz|15672391-6|Coquimbo 77|+56950653887|1984-07-01|4|678|2|7|23|109|2023-09-24|2023-09-24
304|Anaís Layla|Álvarez|Álvarez|18428805-2|Arturo Prat 455|+56986644999|1993-09-10|4|679|2|7|23|109|2023-09-24|2023-09-24
305|Diego Nilo|Alvarado|Vidal|13528576-5|Puente Toesca 1899|+56927935387|1977-05-07|2|680|1|7|23|109|2023-09-24|2023-09-24
306|Sol Aitana|Sandoval|Ortiz|17874642-1|Echaurren 1556|+56954582965|1991-11-05|2|681|2|7|23|109|2023-09-24|2023-09-24
307|Fernando Jair|Jara|Soto|13963089-0|Baron Pierre de Coubertin 1886|+56911549549|1978-10-18|2|682|1|7|23|109|2023-09-24|2023-09-24
308|Liam Agustín|Aguilera|Palma|16025188-3|Esperanza 1468|+56915381577|1985-09-04|5|683|1|7|23|109|2023-09-24|2023-09-24
309|Franco Maximiliano|Toro|Bustamente|16274137-3|Valentín Letelier 334|+56992239890|1986-07-04|3|684|1|7|23|109|2023-09-24|2023-09-24
310|Lucca Caleb|Navarrete|Vergara|14633217-K|Pasaje Baltra 1527|+56957279332|1981-01-12|2|685|1|7|23|109|2023-09-24|2023-09-24
311|Samuel Gael|Peña|Vergara|15888803-3|Puerta de Vera 1320|+56999372748|1985-03-22|5|686|1|7|23|109|2023-09-24|2023-09-24
312|Daniel Isidoro|Farias|Molina|16214099-K|General Mitre 653|+56960751554|1986-04-22|3|687|1|7|23|109|2023-09-24|2023-09-24
313|Xander Rubén|Gutiérrez|Pizarro|17517537-7|General García 963|+56958527197|1990-08-27|5|688|1|7|23|109|2023-09-24|2023-09-24
314|Lorenzo Camilo|Cortés|Castro|17286379-5|Vichuquén 553|+56913931519|1989-11-19|2|689|1|7|23|109|2023-09-24|2023-09-24
315|Martina Nerea|Torres|Gallardo|16221790-9|Villavicencio 19|+56976278357|1986-05-01|2|690|2|7|23|109|2023-09-24|2023-09-24
316|Fernando Hernán|Ramírez|Castillo|15666460-K|Baltazar Villalobos 1988|+56964989124|1984-06-24|5|691|1|7|23|109|2023-09-24|2023-09-24
317|Paola Mía|Sandoval|Araya|13989982-2|Los Nardos 44|+56944818755|1978-11-20|4|692|2|7|23|109|2023-09-24|2023-09-24
318|Noelia Lara|Jiménez|Navarrete|15820389-8|Burdeos 1407|+56996195811|1984-12-28|4|693|2|7|23|109|2023-09-24|2023-09-24
319|Almendra Sara|Guzmán|Pino|17000757-3|Nueva España 1634|+56917580597|1988-12-06|3|694|2|7|23|109|2023-09-24|2023-09-24
320|Matilda Lara|Bustos|Lagos|17993744-1|Máximo Humbser 506|+56924297386|1992-03-29|4|695|2|7|23|109|2023-09-24|2023-09-24
321|Salomé Paz|Leiva|Figueroa|15136689-9|Los Tulipanes 1342|+56962381724|1982-09-17|2|696|2|7|23|109|2023-09-24|2023-09-24
322|Luna Gabriela|Martínez|Flores|15840979-8|Príncipe de Gales 611|+56943922105|1985-01-22|5|697|2|7|23|109|2023-09-24|2023-09-24
323|Elías Lorenzo|Ortiz|Pérez|14378860-1|Perez Freire 860|+56928520044|1980-03-08|4|698|1|7|23|109|2023-09-24|2023-09-24
324|Agustín Thiago|Vera|Cárdenas|17971767-0|Alonso de Ovalle 389|+56971668624|1992-03-03|5|699|1|7|23|109|2023-09-24|2023-09-24
325|Fernando Tobías|Vargas|Zúñiga|18011057-7|Dr. Allende Padín 251|+56932692973|1992-04-20|2|700|1|7|23|109|2023-09-24|2023-09-24
326|Diego Liam|Gutiérrez|Gallardo|15294571-K|San Antonio 614|+56963034644|1983-03-29|5|726|1|7|23|109|2023-09-24|2023-09-24
327|Karina Penélope|Salazar|Pérez|15011271-0|Huérfanos 1063|+56951914924|1982-04-18|5|727|2|7|23|109|2023-09-24|2023-09-24
328|Elías Miguel|Alvarado|Alarcón|16108795-5|Avenida Apostol Santiago 1721|+56987444050|1985-12-15|5|728|1|7|23|109|2023-09-24|2023-09-24
329|Noelia Zoe|Tapia|Olivares|14314357-0|San Diego 1739|+56944690123|1979-12-20|5|729|2|7|23|109|2023-09-24|2023-09-24
330|Constanza Josefina|Ortiz|Pizarro|15944718-9|Lincoyán Berrios 53|+56920921056|1985-05-29|2|730|2|7|23|109|2023-09-24|2023-09-24
331|Ainhoa Celia|Henríquez|Vega|18347567-3|Santiago 778|+56958431475|1993-06-04|5|731|2|7|23|109|2023-09-24|2023-09-24
332|Julieta Juanita|Moreno|Vidal|15017701-4|Las Encinas 562|+56912008975|1982-04-25|4|732|2|7|23|109|2023-09-24|2023-09-24
333|Alexandra Luciana|Farias|Bustos|15634266-1|Rosaura Acuña 1956|+56974189752|1984-05-16|4|733|2|7|23|109|2023-09-24|2023-09-24
334|Lara Manuela|Gutiérrez|Navarro|14589286-4|Pasaje Nueva 1 60|+56940284573|1980-11-19|3|734|2|7|23|109|2023-09-24|2023-09-24
335|Antonella Blanca|Espinoza|Castillo|17270961-3|Pedro Montt 1406|+56987543807|1989-10-31|3|735|2|7|23|109|2023-09-24|2023-09-24
336|Magdalena Alexandra|Bravo|Riquelme|16677957-K|Capitan Wood 867|+56974936512|1987-11-08|4|736|2|7|23|109|2023-09-24|2023-09-24
337|Claudia Florencia|Torres|Saavedra|13731056-2|Pasaje Maquis 1246|+56979151279|1978-01-09|2|737|2|7|23|109|2023-09-24|2023-09-24
338|Antonia Tamara|Pino|Carrasco|16386764-8|San Dionisio 457|+56967317852|1986-11-18|4|738|2|7|23|109|2023-09-24|2023-09-24
339|Lorenzo Xander|Olivares|Jiménez|17326367-8|Tucapel 1592|+56920558283|1990-01-06|5|739|1|7|23|109|2023-09-24|2023-09-24
340|Estefanía Penélope|González|Yáñez|15083668-9|Pasaje El Trebol 125|+56912939895|1982-07-15|5|740|2|7|23|109|2023-09-24|2023-09-24
341|Alejandra Camila|Fuentes|Vergara|15023285-6|Grajales 1373|+56950247574|1982-05-02|4|741|2|7|23|109|2023-09-24|2023-09-24
342|Valeria Kiara|Salinas|Vargas|13745710-5|Tracción 21 370|+56975387804|1978-01-27|4|742|2|7|23|109|2023-09-24|2023-09-24
343|Clara Valentina|López|Donoso|15797271-5|Zenteno 1958|+56968399764|1984-11-30|3|743|2|7|23|109|2023-09-24|2023-09-24
344|Jairo Enrique|Bustos|Sandoval|17176914-0|Serrano 761|+56947869780|1989-07-08|3|744|1|7|23|109|2023-09-24|2023-09-24
345|Vicente Tobías|Cortés|Fernández|17545216-8|Huérfanos 712|+56919758356|1990-09-30|3|745|1|7|23|109|2023-09-24|2023-09-24
346|Luisa Gabriela|Farias|Ruiz|16989800-6|Raimundo Larraín 1779|+56921629994|1988-11-22|3|746|2|7|23|109|2023-09-24|2023-09-24
347|Rosario Sol|Leiva|Valdés|17699808-3|General Moore 113|+56968784661|1991-04-06|5|747|2|7|23|109|2023-09-24|2023-09-24
348|Rodrigo Ramiro|Vargas|Torres|16318322-6|Delirio 647|+56999455391|1986-08-27|5|748|1|7|23|109|2023-09-24|2023-09-24
349|Juanita Noelia|Pino|Leiva|18270024-K|Placer 1740|+56920336028|1993-03-01|5|749|2|7|23|109|2023-09-24|2023-09-24
350|Elisa Mila|Leiva|Cárdenas|13343584-0|General Jofré 649|+56984078234|1976-09-24|2|750|2|7|23|109|2023-09-24|2023-09-24
351|Brian Brian|Lagos|Vargas|13425451-3|Tracción 21 1271|+56918889169|1977-01-01|3|776|1|7|23|109|2023-09-24|2023-09-24
352|Natalia Agustina|Vargas|Gutiérrez|17901692-3|Coquimbo 216|+56982053732|1991-12-08|5|777|2|7|23|109|2023-09-24|2023-09-24
353|Luna Lara|García|Araya|15524533-6|San Alfredo 797|+56976702889|1984-01-03|5|778|2|7|23|109|2023-09-24|2023-09-24
354|Paulo Ethan|Riquelme|Fernández|15543253-5|Alejandro Acosta 233|+56971096053|1984-01-26|4|779|1|7|23|109|2023-09-24|2023-09-24
355|Yasna María|Ortiz|Figueroa|17314025-8|Garland 1683|+56916106974|1989-12-22|4|780|2|7|23|109|2023-09-24|2023-09-24
356|Josefina Noelia|Garrido|Molina|17487525-1|Coronel Pantoja 6|+56911400637|1990-07-22|4|781|2|7|23|109|2023-09-24|2023-09-24
357|Néstor Vicente|Araya|Sanhueza|17129761-3|Avenida Alcalde Carlos Valdovinos 249|+56943921286|1989-05-12|5|782|1|7|23|109|2023-09-24|2023-09-24
358|Gaspar Federico|Vera|Escobar|17041119-6|Zenteno 1555|+56957635776|1989-01-24|4|783|1|7|23|109|2023-09-24|2023-09-24
359|Débora Salomé|Reyes|González|16810397-2|Loncomilla 936|+56949512116|1988-04-18|5|784|2|7|23|109|2023-09-24|2023-09-24
360|Macarena Victoria|Fernández|Jiménez|15110595-5|Arturo Glaziou 935|+56973805196|1982-08-17|2|785|2|7|23|109|2023-09-24|2023-09-24
361|Esmeralda Tamara|Pizarro|Gómez|16964283-4|Pasaje Las Cadenas 321|+56941387535|1988-10-22|3|786|2|7|23|109|2023-09-24|2023-09-24
362|Mireya Amanda|Contreras|Riquelme|16639751-0|Berta Fernández 157|+56952281016|1987-09-23|4|787|2|7|23|109|2023-09-24|2023-09-24
363|Maximiliano Jorge|Aguilera|Henríquez|13759541-9|Arturo Prat 35|+56939565757|1978-02-12|5|788|1|7|23|109|2023-09-24|2023-09-24
364|Elizabeth Laura|Aguilera|Figueroa|16948275-6|Maturana 696|+56977522328|1988-10-03|2|789|2|7|23|109|2023-09-24|2023-09-24
365|Xander Alonso|Campos|Campos|15779839-1|Los Retamos 1776|+56943932003|1984-11-09|5|790|1|7|23|109|2023-09-24|2023-09-24
366|Agustina Valentina|Vargas|Jara|13586138-3|General Gana 1395|+56915382360|1977-07-16|3|791|2|7|23|109|2023-09-24|2023-09-24
367|Andrés Esteban|Cortés|Díaz|16520714-9|Chacabuco 152|+56969459591|1987-05-01|5|792|1|7|23|109|2023-09-24|2023-09-24
368|Xander Federico|Rojas|Orellana|16164657-1|Clentaru 805|+56927355220|1986-02-21|4|793|1|7|23|109|2023-09-24|2023-09-24
369|Julián Gael|Vera|Núñez|16572328-7|Aldunate 367|+56910995647|1987-07-03|4|794|1|7|23|109|2023-09-24|2023-09-24
370|Violeta Débora|Álvarez|Vásquez|14786474-4|Pasaje Lord Cochrane 904|+56974876752|1981-07-18|3|795|2|7|23|109|2023-09-24|2023-09-24
371|Noelia Valeria|Olivares|Vidal|15662837-9|Calle Echaurren 694|+56930237559|1984-06-19|3|796|2|7|23|109|2023-09-24|2023-09-24
372|Isidoro Rubén|Cáceres|Carvajal|17391647-7|Clentaru 1850|+56953125788|1990-03-27|3|797|1|7|23|109|2023-09-24|2023-09-24
373|Fernanda Alba|Bustos|Ruiz|17061432-1|Monjitas 571|+56961958585|1989-02-17|4|798|2|7|23|109|2023-09-24|2023-09-24
374|Franco Walter|Aguilera|Rojas|17951934-8|Arauco 689|+56972497063|1992-02-07|4|799|1|7|23|109|2023-09-24|2023-09-24
375|Valentina Samantha|Bustamente|Torres|17082050-9|General Urriola 587|+56940613772|1989-03-15|4|800|2|7|23|109|2023-09-24|2023-09-24
376|Zoe Blanca|Palma|Vega|17184531-9|Nataniel Cox 521|+56983298274|1989-07-17|2|826|2|7|23|109|2023-09-24|2023-09-24
377|Débora Emilia|Godoy|Valdés|13692722-1|Salvador Sanfuentes 863|+56955463291|1977-11-23|5|827|2|7|23|109|2023-09-24|2023-09-24
378|Erick Gael|Fernández|Olivares|15575214-9|Coquimbo 1123|+56973367900|1984-03-05|3|828|1|7|23|109|2023-09-24|2023-09-24
379|Dominique Brisa|Rivera|Jara|16490817-8|Ramirez 1820|+56936406230|1987-03-25|3|829|2|7|23|109|2023-09-24|2023-09-24
380|Bruno Thiago|Vergara|Morales|14110092-0|Artemio Gutierrez 865|+56925769708|1979-04-16|5|830|1|7|23|109|2023-09-24|2023-09-24
381|Mía Alba|Acuña|Campos|13799439-9|Concha y Toro 667|+56948683250|1978-04-02|3|831|2|7|23|109|2023-09-24|2023-09-24
382|Walter Sebastián|Núñez|Vega|13196769-1|Lima 1642|+56976702525|1976-03-29|4|832|1|7|23|109|2023-09-24|2023-09-24
383|Mauricio Néstor|Reyes|Carrasco|17057919-4|Las Encinas 394|+56994107259|1989-02-13|4|833|1|7|23|109|2023-09-24|2023-09-24
384|Anaís Karla|Lagos|Bustamente|14406226-4|Claudio Gay 1517|+56959268333|1980-04-10|4|834|2|7|23|109|2023-09-24|2023-09-24
385|Jason Valentino|Escobar|Torres|17199822-0|Profesora Amanda Labarca 1453|+56959426141|1989-08-05|5|835|1|7|23|109|2023-09-24|2023-09-24
386|Luna Sofía|Cárdenas|Valenzuela|13335030-6|General González Balcarce 1218|+56971196632|1976-09-13|5|836|2|7|23|109|2023-09-24|2023-09-24
387|Nicolao Cristian|Cáceres|Vásquez|13762854-6|Doctor Díaz Velasco 1701|+56928686421|1978-02-16|4|837|1|7|23|109|2023-09-24|2023-09-24
388|Liam Caleb|Vega|Pino|13704177-4|Santiaguillo 95|+56934356424|1977-12-07|5|838|1|7|23|109|2023-09-24|2023-09-24
389|Rocío Luciana|Valdés|Araya|13590280-2|Jaime Eyzaguirre 629|+56929712345|1977-07-21|5|839|2|7|23|109|2023-09-24|2023-09-24
390|Constanza Karina|Espinoza|Donoso|15730379-1|Longavi 1065|+56928245371|1984-09-10|3|840|2|7|23|109|2023-09-24|2023-09-24
391|Bautista Martín|Soto|Flores|15382970-5|Antofagasta 53|+56996297464|1983-07-14|5|841|1|7|23|109|2023-09-24|2023-09-24
392|Paulina Layla|Araya|Molina|16206513-0|Máximo Humbser 773|+56944557906|1986-04-13|5|842|2|7|23|109|2023-09-24|2023-09-24
393|Violeta María|Gallardo|Morales|14765637-8|Pasaje Castillo 494|+56920146294|1981-06-22|5|843|2|7|23|109|2023-09-24|2023-09-24
394|Belén Alejandra|Castro|Alvarado|14075252-5|Alejandro Emilio 642|+56942817863|1979-03-04|3|844|2|7|23|109|2023-09-24|2023-09-24
395|Carla Rocío|Sáez|Guerrero|13428545-1|Cura Marchant 1240|+56968839998|1977-01-05|4|845|2|7|23|109|2023-09-24|2023-09-24
396|Gabriel Agustín|Miranda|Araya|13068393-2|Rosales 1820|+56945726942|1975-10-24|3|846|1|7|23|109|2023-09-24|2023-09-24
397|Kiara Agustina|Rodríguez|Medina|14512586-3|Emiliano Figueroa 821|+56989338615|1980-08-18|2|847|2|7|23|109|2023-09-24|2023-09-24
398|Alexandra Azul|Cárdenas|Lagos|16876048-5|Rosaura Acuña 220|+56916088125|1988-07-07|2|848|2|7|23|109|2023-09-24|2023-09-24
399|Nicolás Elías|Medina|González|13855150-4|Almirante Churruca 194|+56945303115|1978-06-09|2|849|1|7|23|109|2023-09-24|2023-09-24
400|Mía Rosario|Ramírez|Herrera|15429641-7|Lincoln 1605|+56975559830|1983-09-09|3|850|2|7|23|109|2023-09-24|2023-09-24
401|Derek Xander|Sepúlveda|Medina|17319096-4|Gaspar de la Barrera 1511|+56926694306|1989-12-28|3|876|1|7|23|109|2023-09-24|2023-09-24
402|Camila Fernanda|Rojas|Ortiz|15375670-8|Gaspar de la Barrera 1354|+56969482655|1983-07-06|2|877|2|7|23|109|2023-09-24|2023-09-24
403|Yasna Antonella|Navarrete|Zúñiga|17267180-2|Padre Orellana 1451|+56919270883|1989-10-26|3|878|2|7|23|109|2023-09-24|2023-09-24
404|Dominique Paulina|Venegas|Ramírez|13606947-0|Coquimbo 927|+56957332987|1977-08-11|5|879|2|7|23|109|2023-09-24|2023-09-24
405|Roberto Tobías|Gallardo|Vargas|14698623-4|Siria 1393|+56965993781|1981-04-02|4|880|1|7|23|109|2023-09-24|2023-09-24
406|Sofía Carla|Parra|Palma|17397740-9|Alamos 678|+56981738231|1990-04-03|3|881|2|7|23|109|2023-09-24|2023-09-24
407|Gaspar Lucca|Bravo|Figueroa|17637276-1|Nueva de Valdés 586|+56936940111|1991-01-20|2|882|1|7|23|109|2023-09-24|2023-09-24
408|Rubén Enrique|Moreno|Toro|15227170-0|Las Amapolas 1616|+56948106627|1983-01-06|3|883|1|7|23|109|2023-09-24|2023-09-24
409|Agustina Valentina|Pizarro|Lagos|16137951-4|Cienfuegos 727|+56986392350|1986-01-19|5|884|2|7|23|109|2023-09-24|2023-09-24
410|Brian Germán|Guerrero|Ruiz|17579640-1|Angamos 1654|+56979337395|1990-11-11|5|885|1|7|23|109|2023-09-24|2023-09-24
411|Javiera Luciana|Garrido|Muñoz|14118286-2|Agustín Edwards 506|+56926865937|1979-04-26|4|886|2|7|23|109|2023-09-24|2023-09-24
412|Layla Agustina|Valenzuela|Vidal|17643408-2|General Las Heras 1327|+56997350884|1991-01-28|3|887|2|7|23|109|2023-09-24|2023-09-24
413|Alejandra Zoe|Aguilera|González|13081792-0|Victoria Subercaseaux 1705|+56916458443|1975-11-10|4|888|2|7|23|109|2023-09-24|2023-09-24
414|Sol Anaís|Ruiz|Espinoza|14394074-8|El Rosedal 305|+56993874749|1980-03-27|2|889|2|7|23|109|2023-09-24|2023-09-24
415|Manuela Sara|Farias|Ortiz|16033156-9|Libertad 548|+56922561492|1985-09-14|3|890|2|7|23|109|2023-09-24|2023-09-24
416|Iván Miguel|Herrera|Poblete|17371054-2|Eduardo Matte 1785|+56947125648|1990-03-02|2|891|1|7|23|109|2023-09-24|2023-09-24
417|Ismael Isaac|Miranda|Carvajal|13415690-2|Plaza Manuel Rodríguez 1227|+56921145168|1976-12-20|2|892|1|7|23|109|2023-09-24|2023-09-24
418|Diego Thiago|Pérez|Bravo|14292463-3|Guardian Juan Viedra 1843|+56925828153|1979-11-24|2|893|1|7|23|109|2023-09-24|2023-09-24
419|Bautista Rafael|Poblete|Reyes|13913293-9|Pasaje Las Cadenas 1360|+56935391302|1978-08-19|3|894|1|7|23|109|2023-09-24|2023-09-24
420|Nicolao Thiago|Sanhueza|Godoy|13221788-2|Pasaje 3 343|+56983005715|1976-04-28|5|895|1|7|23|109|2023-09-24|2023-09-24
421|Camilo Joshua|Aguilera|Valdés|13645871-K|General Mitre 933|+56943619856|1977-09-27|3|896|1|7|23|109|2023-09-24|2023-09-24
422|Andrés Miguel|Rivera|Olivares|15496434-7|García Reyes 613|+56994534923|1983-11-30|4|897|1|7|23|109|2023-09-24|2023-09-24
423|Juanita Martina|Saavedra|Ortega|13759947-3|Cura Gomez 1096|+56977924826|1978-02-13|2|898|2|7|23|109|2023-09-24|2023-09-24
424|Nicolás Ramiro|Ruiz|Yáñez|14335365-6|Virginia Opazo 235|+56995104740|1980-01-15|4|899|1|7|23|109|2023-09-24|2023-09-24
425|Paz Elizabeth|Palma|Rivera|15980237-K|Tattersal 1478|+56915530735|1985-07-11|4|900|2|7|23|109|2023-09-24|2023-09-24
426|Mila Estefanía|Palma|Yáñez|15260265-0|Tattersal 459|+56993982640|1983-02-15|5|926|2|7|23|109|2023-09-24|2023-09-24
427|Sebastián Nicolás|Campos|Miranda|13955309-8|Santa Ana 1087|+56923070520|1978-10-09|2|927|1|7|23|109|2023-09-24|2023-09-24
428|Mauricio Maximiliano|Rivera|Vásquez|15218463-8|Bio Bio 1517|+56951782123|1982-12-26|4|928|1|7|23|109|2023-09-24|2023-09-24
429|Luna Samantha|Núñez|Sáez|14660996-1|Santa Ana 1029|+56957326369|1981-02-15|4|929|2|7|23|109|2023-09-24|2023-09-24
430|Rodrigo Nicolao|Sandoval|Alvarado|16271141-5|Martínez de Rosas 1028|+56998766431|1986-07-01|2|930|1|7|23|109|2023-09-24|2023-09-24
431|Amelia Alejandra|Garrido|Yáñez|16464776-5|Cuevas 1456|+56929084496|1987-02-22|2|931|2|7|23|109|2023-09-24|2023-09-24
432|Blanca Antonia|Garrido|Jiménez|13686603-6|Almirante Blanco Encalada 1430|+56913279297|1977-11-16|5|932|2|7|23|109|2023-09-24|2023-09-24
433|Tamara Mireya|Maldonado|Poblete|16343764-3|Pasaje Espineira 541|+56939086516|1986-09-27|4|933|2|7|23|109|2023-09-24|2023-09-24
434|Violeta Sol|González|Venegas|17131167-5|Tres Puntas 1843|+56998780552|1989-05-13|3|934|2|7|23|109|2023-09-24|2023-09-24
435|Néstor Xander|Henríquez|Torres|14614896-4|Pasaje San Alfonso 1301|+56925444912|1980-12-21|5|935|1|7|23|109|2023-09-24|2023-09-24
436|Orlando Áxel|Acevedo|Leiva|14675512-7|Maipú 136|+56913917299|1981-03-04|2|936|1|7|23|109|2023-09-24|2023-09-24
437|Agustín Esteban|Bustamente|Silva|15782554-2|Manuel Antonio Tocornal 29|+56959569439|1984-11-12|2|937|1|7|23|109|2023-09-24|2023-09-24
438|Lucca Mauricio|Álvarez|Alarcón|17285834-1|Melipilla 857|+56932448183|1989-11-18|2|938|1|7|23|109|2023-09-24|2023-09-24
439|Gabriela Giovanna|Flores|Acuña|17531753-8|Manuel Rodríguez Sur 865|+56990473069|1990-09-14|5|939|2|7|23|109|2023-09-24|2023-09-24
440|Nehemías Oliver|López|Figueroa|16640711-7|Pasaje Amstrong 1735|+56957656711|1987-09-24|2|940|1|7|23|109|2023-09-24|2023-09-24
441|Erick Bruno|Acuña|Fuentes|13647649-1|Puente Toesca 350|+56934460450|1977-09-29|3|941|1|7|23|109|2023-09-24|2023-09-24
442|Giovanna Carla|Vega|Alarcón|13108362-9|Enrique Mac Iver 324|+56980540636|1975-12-12|3|942|2|7|23|109|2023-09-24|2023-09-24
443|Lorenzo Samuel|Bustos|Tapia|15114607-4|Pasaje La Raza 52|+56950416206|1982-08-21|5|943|1|7|23|109|2023-09-24|2023-09-24
444|Francisca Ivanna|Aravena|Vergara|16216447-3|Siria 528|+56945741036|1986-04-25|5|944|2|7|23|109|2023-09-24|2023-09-24
445|Julián Ignacio|Ruiz|Lagos|15939706-8|El Quijote 1061|+56917954798|1985-05-23|2|945|1|7|23|109|2023-09-24|2023-09-24
446|Verónica Camila|Sánchez|Salinas|17052706-2|Pasaje Avellanos 979|+56965313853|1989-02-07|4|946|2|7|23|109|2023-09-24|2023-09-24
447|Paulo Carlos|Vergara|Martínez|15021159-K|Baron Pierre de Coubertin 1771|+56922409354|1982-04-30|3|947|1|7|23|109|2023-09-24|2023-09-24
448|Jairo Xander|Cáceres|Sánchez|16016096-9|Emiliano Figueroa 123|+56951770666|1985-08-24|5|948|1|7|23|109|2023-09-24|2023-09-24
449|Mila Penélope|Sepúlveda|Núñez|14086849-3|Avenida Libertador Bernardo O'Higgins 1727|+56951897265|1979-03-18|4|949|2|7|23|109|2023-09-24|2023-09-24
450|Erick Lorenzo|Escobar|Lagos|14891232-7|Obispo Edwards 1814|+56976755104|1981-11-22|4|950|1|7|23|109|2023-09-24|2023-09-24
451|Nerea Francisca|Saavedra|Navarro|13680277-1|Juan Espejo 1988|+56936098794|1977-11-08|2|976|2|7|23|109|2023-09-24|2023-09-24
452|Nehemías Ramiro|Rivera|Palma|16128417-3|Lincoln 592|+56929123800|1986-01-08|5|977|1|7|23|109|2023-09-24|2023-09-24
453|Carla Jimena|Álvarez|Gómez|16734905-6|Yarur 208|+56947281946|1988-01-17|4|978|2|7|23|109|2023-09-24|2023-09-24
454|Bautista Mauricio|Jara|Alarcón|14778794-4|José Miguel Carrera 1510|+56941664960|1981-07-08|4|979|1|7|23|109|2023-09-24|2023-09-24
455|Gael Rubén|González|Herrera|12604057-1|Avenida Ricardo Cumming 1495|+56989254094|1974-04-07|3|980|1|7|23|109|2023-09-24|2023-09-24
456|Ricardo Andrés|Donoso|Salazar|15536416-5|Pasaje Capuchinos 1038|+56941044950|1984-01-17|5|981|1|7|23|109|2023-09-24|2023-09-24
457|Nicolao Enrique|Ruiz|Flores|13941059-9|Antofagasta 911|+56981157732|1978-09-22|3|982|1|7|23|109|2023-09-24|2023-09-24
458|Luna Giovanna|Reyes|Rojas|16359683-0|Los Canelos 941|+56979203674|1986-10-16|4|983|2|7|23|109|2023-09-24|2023-09-24
459|Joaquín Gabriel|Soto|González|16333684-7|Herboso 1756|+56995743405|1986-09-15|2|984|1|7|23|109|2023-09-24|2023-09-24
460|Nicolao Emmanuel|Palma|Donoso|16653187-K|Tocornal 1228|+56997645273|1987-10-09|3|985|1|7|23|109|2023-09-24|2023-09-24
461|Carla Azul|Soto|Vásquez|15683626-5|Davila Larraín 1597|+56944000581|1984-07-15|5|986|2|7|23|109|2023-09-24|2023-09-24
462|Aitana Vania|Carrasco|Navarro|15793896-7|Valentín Letelier 316|+56969111869|1984-11-26|2|987|2|7|23|109|2023-09-24|2023-09-24
463|Belén Javiera|Ortega|Garrido|16457235-8|Milán 749|+56964299991|1987-02-12|4|988|2|7|23|109|2023-09-24|2023-09-24
464|Franco Julián|Palma|Jara|14936616-4|Clentaru 594|+56980252211|1982-01-17|4|989|1|7|23|109|2023-09-24|2023-09-24
465|Oliver Jhon|Carrasco|Gallardo|14012390-0|Monjitas 148|+56913939522|1978-12-18|3|990|1|7|23|109|2023-09-24|2023-09-24
466|Rafael Jhon|Miranda|Godoy|16839772-0|Santa Rosa 358|+56996794423|1988-05-23|5|991|1|7|23|109|2023-09-24|2023-09-24
467|Hernán Rafael|Carrasco|Navarro|15954495-8|Las Azucenas 1855|+56994810781|1985-06-10|3|992|1|7|23|109|2023-09-24|2023-09-24
468|Romina Elisa|Morales|García|15952697-6|Agustinas 580|+56936699722|1985-06-08|3|993|2|7|23|109|2023-09-24|2023-09-24
469|Luisa Anaís|Álvarez|Alvarado|16460155-2|San Martin 569|+56923591083|1987-02-16|2|994|2|7|23|109|2023-09-24|2023-09-24
470|Jimena Rocío|Gutiérrez|Orellana|15964441-3|Agustinas 1508|+56952567671|1985-06-22|4|995|2|7|23|109|2023-09-24|2023-09-24
471|Sebastián Elías|Valenzuela|Vergara|12275231-3|Francisco Pizarro 1320|+56980101846|1973-03-02|3|996|1|7|23|109|2023-09-24|2023-09-24
472|Sol Sara|Romero|Ramírez|12762848-3|Arzobispo Valenzuela 709|+56962253298|1974-10-17|2|997|2|7|23|109|2023-09-24|2023-09-24
473|Katia Emma|Romero|Poblete|12755229-0|Plaza de Armas 1437|+56921364168|1974-10-08|3|998|2|7|23|109|2023-09-24|2023-09-24
474|Fernando Damián|Henríquez|Vergara|13027975-9|Sara del Campo 561|+56984566728|1975-09-05|2|999|1|7|23|109|2023-09-24|2023-09-24
475|Lila Ariadna|Acevedo|Vargas|13794217-8|Rafael Sotomayor 1170|+56956695800|1978-03-27|4|1000|2|7|23|109|2023-09-24|2023-09-24
476|Jimena Magdalena|Leiva|Morales|15633082-5|Amazonas 72|+56937232335|1984-05-14|4|1026|2|7|23|109|2023-09-24|2023-09-24
477|Paulina Karina|Vidal|Navarro|15266420-6|Pasaje Amstrong 847|+56919485829|1983-02-22|3|1027|2|7|23|109|2023-09-24|2023-09-24
478|Paulina Daniela|González|Aravena|14517433-3|Pasaje Maquis 79|+56982668390|1980-08-24|5|1028|2|7|23|109|2023-09-24|2023-09-24
479|Victoria Zoe|Valdés|Olivares|12655235-1|Alonso de Ovalle 1138|+56995426361|1974-06-08|5|1029|2|7|23|109|2023-09-24|2023-09-24
480|Mía Emilia|Gómez|Saavedra|16420951-2|Pasaje Maquis 1613|+56931452265|1986-12-30|3|1030|2|7|23|109|2023-09-24|2023-09-24
481|Xander Damián|Vidal|Miranda|14938346-8|Pasaje Chiloé 827|+56916381864|1982-01-19|5|1031|1|7|23|109|2023-09-24|2023-09-24
482|Andrés Walter|Vásquez|Peña|13697435-1|Urzua 1009|+56958891921|1977-11-29|3|1032|1|7|23|109|2023-09-24|2023-09-24
483|Catalina Constanza|Fernández|Araya|15075830-0|Bellalta 1399|+56940790079|1982-07-05|3|1033|2|7|23|109|2023-09-24|2023-09-24
484|Nerea Paola|Ortega|Castro|16137236-6|Bandera 509|+56963838727|1986-01-18|4|1034|2|7|23|109|2023-09-24|2023-09-24
485|Valeria Mía|Silva|Guzmán|15084115-1|Pasaje Los Suspiros 877|+56950086197|1982-07-15|3|1035|2|7|23|109|2023-09-24|2023-09-24
486|Fernanda Constanza|Araya|Maldonado|12647463-6|Oriente 1589|+56983360259|1974-05-29|3|1036|2|7|23|109|2023-09-24|2023-09-24
487|Orlando Paulo|Vidal|Espinoza|15730377-5|Yungay 1338|+56980187990|1984-09-10|5|1037|1|7|23|109|2023-09-24|2023-09-24
488|Victoria Zoe|Alarcón|Ruiz|15258590-K|Pasaje Espineira 1801|+56945181587|1983-02-13|5|1038|2|7|23|109|2023-09-24|2023-09-24
489|Vania Paloma|López|Reyes|16855041-3|Marcoleta 1679|+56943903737|1988-06-11|5|1039|2|7|23|109|2023-09-24|2023-09-24
490|Patricio Camilo|Garrido|Guzmán|14101249-5|Fábrica 831|+56914899952|1979-04-05|4|1040|1|7|23|109|2023-09-24|2023-09-24
491|Isaac Gael|Toro|Espinoza|15601865-1|Arauco 516|+56923895104|1984-04-06|5|1041|1|7|23|109|2023-09-24|2023-09-24
492|Íñigo Alonso|Rivera|Reyes|14604725-4|Agustín Edwards 1549|+56979158200|1980-12-08|5|1042|1|7|23|109|2023-09-24|2023-09-24
493|Sofía Débora|Rodríguez|Flores|15897687-0|Dieciocho 823|+56917274867|1985-04-02|3|1043|2|7|23|109|2023-09-24|2023-09-24
494|Zahir Kian|Araya|Orellana|15616663-4|San Francisco 1469|+56934216357|1984-04-24|3|1044|1|7|23|109|2023-09-24|2023-09-24
495|Franco Pedro|Acevedo|Godoy|17103701-8|Puente Toesca 773|+56959050265|1989-04-10|5|1045|1|7|23|109|2023-09-24|2023-09-24
496|Almendra Anaís|Yáñez|Soto|14492957-8|Ñuble 1618|+56956399841|1980-07-25|5|1046|2|7|23|109|2023-09-24|2023-09-24
497|María Belén|Silva|Peña|13548583-7|La Fetra 141|+56967535621|1977-05-31|4|1047|2|7|23|109|2023-09-24|2023-09-24
498|Matías Mateo|Vergara|Leiva|15080233-4|General Jofré 201|+56978894846|1982-07-11|5|1048|1|7|23|109|2023-09-24|2023-09-24
499|Erick Daniel|Rojas|Vega|14369377-5|Ricardo Poenisch 711|+56928165970|1980-02-25|4|1049|1|7|23|109|2023-09-24|2023-09-24
500|Ximena Karina|Garrido|Cárdenas|16521867-1|Vichuquén 1098|+56934909013|1987-05-02|5|1050|2|7|23|109|2023-09-24|2023-09-24
501|Maximiliano Gael|Moreno|Aravena|13553917-1|Aillacara 1123|+56923545137|1977-06-07|2|1076|1|7|23|109|2023-09-24|2023-09-24
502|Macarena Paulina|Álvarez|Morales|16946755-2|Pasaje Espineira 1974|+56980454056|1988-10-01|2|1077|2|7|23|109|2023-09-24|2023-09-24
503|Liam Jeremy|Carvajal|Gómez|12978981-6|Juan Fernández Blanco 1426|+56920595958|1975-07-07|3|1078|1|7|23|109|2023-09-24|2023-09-24
504|Anaís Victoria|Rivera|Rodríguez|13937380-4|La Fetra 945|+56991286899|1978-09-17|3|1079|2|7|23|109|2023-09-24|2023-09-24
505|Néstor Damián|Sandoval|Sáez|16015830-1|Chacabuco 155|+56966689000|1985-08-24|3|1080|1|7|23|109|2023-09-24|2023-09-24
506|Martina Martina|Salinas|Guerrero|15993164-1|General Gana 142|+56930011262|1985-07-27|5|1081|2|7|23|109|2023-09-24|2023-09-24
507|Áxel Simón|García|Figueroa|14971737-4|Oriente 423|+56986774505|1982-02-28|3|1082|1|7|23|109|2023-09-24|2023-09-24
508|Penélope Almendra|Orellana|Vega|15491067-0|Avenida Viel 1003|+56918545466|1983-11-23|5|1083|2|7|23|109|2023-09-24|2023-09-24
509|Antonia Claudia|Guzmán|Torres|14496290-7|Coquimbo 758|+56918556525|1980-07-29|2|1084|2|7|23|109|2023-09-24|2023-09-24
510|Carla Karla|Carrasco|Tapia|13259831-2|Nueva Imperial 359|+56948002146|1976-06-14|5|1085|2|7|23|109|2023-09-24|2023-09-24
511|Dominique Brisa|Navarro|Guzmán|14263894-0|Tucapel 1588|+56998497377|1979-10-20|3|1086|2|7|23|109|2023-09-24|2023-09-24
512|Carolina Luciana|Alarcón|Bustos|15416666-1|Yarur 1683|+56913161957|1983-08-24|2|1087|2|7|23|109|2023-09-24|2023-09-24
513|Eduardo Paulo|Molina|Martínez|13774396-5|Miguel León Prado 905|+56932606080|1978-03-03|5|1088|1|7|23|109|2023-09-24|2023-09-24
514|Mateo Marco|Aravena|Vera|12941514-2|Pasaje Huemul 447|+56934129975|1975-05-23|2|1089|1|7|23|109|2023-09-24|2023-09-24
515|Jorge Samuel|Bustos|Tapia|14350109-4|Arzobispo Valenzuela 1809|+56978416125|1980-02-02|2|1090|1|7|23|109|2023-09-24|2023-09-24
516|Luna Agustina|Ortega|Guerrero|13803678-2|Tunel Blanco - Arica 903|+56938732876|1978-04-07|2|1091|2|7|23|109|2023-09-24|2023-09-24
517|Paulo Benjamín|Sandoval|Gutiérrez|14564000-8|Guacolda 370|+56924644100|1980-10-20|4|1092|1|7|23|109|2023-09-24|2023-09-24
518|María Amelia|Garrido|Guerrero|12413125-1|García Reyes 1182|+56914864876|1973-08-17|3|1093|2|7|23|109|2023-09-24|2023-09-24
519|Magdalena Alba|Valdés|Díaz|12658804-6|Santa Victoria 158|+56944265410|1974-06-12|5|1094|2|7|23|109|2023-09-24|2023-09-24
520|Matías Paulo|Castro|Jiménez|12429195-K|Ejército Libertador 1441|+56919370450|1973-09-06|4|1095|1|7|23|109|2023-09-24|2023-09-24
521|Katia Alba|Muñoz|Castillo|12823028-9|San Alfredo 1681|+56936927362|1974-12-29|2|1096|2|7|23|109|2023-09-24|2023-09-24
522|Sol Catalina|Guzmán|Flores|13808627-5|Pasaje Malaquita 868|+56972210707|1978-04-13|2|1097|2|7|23|109|2023-09-24|2023-09-24
523|Laura Matilda|Zúñiga|Rodríguez|16661892-4|Nueva Centenario 1546|+56979570020|1987-10-20|2|1098|2|7|23|109|2023-09-24|2023-09-24
524|Ian Emmanuel|Cáceres|Jara|12492990-3|Santa Isabel 1600|+56934776056|1973-11-22|3|1099|1|7|23|109|2023-09-24|2023-09-24
525|Fernanda Agustina|Rivera|Navarrete|12467202-3|General Jofré 165|+56972401910|1973-10-22|2|1100|2|7|23|109|2023-09-24|2023-09-24
526|Gabriel Nicolao|González|Núñez|13921809-4|República 682|+56954946686|1978-08-29|4|1126|1|7|23|109|2023-09-24|2023-09-24
527|Joshua Ethan|Rodríguez|Valenzuela|15687394-2|Benavides 1|+56966556162|1984-07-19|2|1127|1|7|23|109|2023-09-24|2023-09-24
528|David Jorge|Molina|Sáez|13156876-2|Avenida República 447|+56971894843|1976-02-09|2|1128|1|7|23|109|2023-09-24|2023-09-24
529|Lorenzo Camilo|Donoso|Medina|16210411-K|Figueroa 1032|+56925020054|1986-04-18|2|1129|1|7|23|109|2023-09-24|2023-09-24
530|Nicole Matilda|Navarrete|Tapia|17020867-6|General Mitre 426|+56961934223|1988-12-30|3|1130|2|7|23|109|2023-09-24|2023-09-24
531|Sara Celia|Pizarro|Henríquez|14001632-2|Yungay 1785|+56927447047|1978-12-04|4|1131|2|7|23|109|2023-09-24|2023-09-24
532|Belén Amelia|Ortiz|Jara|15864608-0|Diagonal Paraguay 1658|+56936466555|1985-02-20|5|1132|2|7|23|109|2023-09-24|2023-09-24
533|Sara Sara|Guerrero|Poblete|16984237-K|Guardian Juan Viedra 1636|+56935911156|1988-11-15|5|1133|2|7|23|109|2023-09-24|2023-09-24
534|Ramiro Lorenzo|Alvarado|Espinoza|16196281-3|Placer 1702|+56913999581|1986-03-31|5|1134|1|7|23|109|2023-09-24|2023-09-24
535|Eduardo Andrés|Bustos|Rodríguez|15007642-0|Rosas 1258|+56947409083|1982-04-13|3|1135|1|7|23|109|2023-09-24|2023-09-24
536|Yasna Esmeralda|Vásquez|Riquelme|17006270-1|Lincoln 449|+56998134138|1988-12-12|3|1136|2|7|23|109|2023-09-24|2023-09-24
537|Florencia Carla|Álvarez|Palma|14422025-0|Avenida República 1340|+56966456586|1980-04-30|5|1137|2|7|23|109|2023-09-24|2023-09-24
538|Katia Paola|Ortega|Gutiérrez|14595632-3|Lincoyán Berrios 1422|+56966436695|1980-11-27|2|1138|2|7|23|109|2023-09-24|2023-09-24
539|Amelia Layla|Vidal|Rodríguez|17206750-6|Pasaje Espineira 1008|+56939842823|1989-08-14|2|1139|2|7|23|109|2023-09-24|2023-09-24
540|Kiara Paloma|Peña|Godoy|13060352-1|Catedral 451|+56984363172|1975-10-15|3|1140|2|7|23|109|2023-09-24|2023-09-24
541|Rubén Vicente|Vega|Ramírez|13139915-4|Bio Bio 386|+56994530726|1976-01-19|3|1141|1|7|23|109|2023-09-24|2023-09-24
542|Lorenzo Brian|Acevedo|Álvarez|17044444-2|Avenida Walker Martinez 1517|+56997508163|1989-01-28|3|1142|1|7|23|109|2023-09-24|2023-09-24
543|Florencia Aitana|Cárdenas|Medina|14904035-8|Maipú 1016|+56926360047|1981-12-08|3|1143|2|7|23|109|2023-09-24|2023-09-24
544|Mila Paloma|Tapia|Donoso|16970636-0|Chiloe 293|+56964898283|1988-10-30|4|1144|2|7|23|109|2023-09-24|2023-09-24
545|Carla Nicole|Valdés|Alarcón|12604577-8|Arquitecto Luciano Kulczewski 1558|+56945662026|1974-04-07|2|1145|2|7|23|109|2023-09-24|2023-09-24
546|Franco Rubén|Jiménez|Campos|12328858-0|Pasaje Malaquita 1710|+56959740810|1973-05-06|2|1146|1|7|23|109|2023-09-24|2023-09-24
547|Vicente Valentino|Moreno|Hernández|13732770-8|Pje. Elias Fernandez Albano 609|+56944042260|1978-01-11|2|1147|1|7|23|109|2023-09-24|2023-09-24
548|Omar Isidoro|Pérez|Olivares|15710635-K|Traslaviña 1983|+56938290917|1984-08-17|4|1148|1|7|23|109|2023-09-24|2023-09-24
549|Anaís Violeta|Orellana|Gutiérrez|15535350-3|Coronel Pantoja 1425|+56965727689|1984-01-16|5|1149|2|7|23|109|2023-09-24|2023-09-24
550|Andrés Andrés|Tapia|Fuentes|15359019-2|Roberto Espinoza 743|+56944905878|1983-06-15|5|1150|1|7|23|109|2023-09-24|2023-09-24
551|Gaspar Valentino|Valdés|Rodríguez|14788926-7|San Rafael 650|+56934158229|1981-07-21|4|1176|1|7|23|109|2023-09-24|2023-09-24
552|Nicole Magdalena|Flores|Silva|15150561-9|German Riesco 525|+56970682935|1982-10-04|4|1177|2|7|23|109|2023-09-24|2023-09-24
553|Alejandro David|Palma|Vargas|12762332-5|Manuel Antonio Ricaurte 729|+56939814267|1974-10-16|4|1178|1|7|23|109|2023-09-24|2023-09-24
554|Gabriel Samuel|Pizarro|Saavedra|13602176-1|Puerta de Vera 1873|+56919966079|1977-08-05|5|1179|1|7|23|109|2023-09-24|2023-09-24
555|Ximena Isabella|Palma|Vargas|13628950-0|Maquinista Escobar 830|+56925857263|1977-09-06|3|1180|2|7|23|109|2023-09-24|2023-09-24
556|Belén Luisa|Vargas|Rivera|15919377-2|República 1816|+56999386955|1985-04-28|2|1181|2|7|23|109|2023-09-24|2023-09-24
557|Belén Laura|Godoy|Ramírez|12914567-6|General Gana 1796|+56915165930|1975-04-20|3|1182|2|7|23|109|2023-09-24|2023-09-24
558|Gustavo Martín|González|Riquelme|13845553-K|Vicuña Subercaseaux 1455|+56965996972|1978-05-28|2|1183|1|7|23|109|2023-09-24|2023-09-24
559|Isaac Matías|Cárdenas|Leiva|16147987-K|Pasaje Nueva 2 453|+56968555294|1986-02-01|3|1184|1|7|23|109|2023-09-24|2023-09-24
560|Anaís Manuela|Bravo|Morales|15417252-1|Estado 335|+56976964998|1983-08-25|3|1185|2|7|23|109|2023-09-24|2023-09-24
561|Diego Samuel|Orellana|Riquelme|13261100-9|General Baquedano 1460|+56993684185|1976-06-15|2|1186|1|7|23|109|2023-09-24|2023-09-24
562|Marco Federico|Sánchez|Fuentes|13197065-K|Arturo Calvo 789|+56993794603|1976-03-29|5|1187|1|7|23|109|2023-09-24|2023-09-24
563|Paulo Lucca|Vega|Contreras|13506500-5|General Las Heras 1294|+56936503065|1977-04-10|3|1188|1|7|23|109|2023-09-24|2023-09-24
564|Marco Orlando|González|Guzmán|14793247-2|Arzobispo Valenzuela 292|+56962810612|1981-07-26|2|1189|1|7|23|109|2023-09-24|2023-09-24
565|Isaac Erick|Tapia|Salinas|12320957-5|Pasaje Aromos 229|+56926393347|1973-04-27|2|1190|1|7|23|109|2023-09-24|2023-09-24
566|Arantxa María|Jara|Leiva|12120950-0|Padre Luis de Valdivia 1852|+56917775936|1972-08-26|5|1191|2|7|23|109|2023-09-24|2023-09-24
567|Javiera Rosario|Parra|Fuentes|16353499-1|San Francisco 1545|+56990604412|1986-10-09|5|1192|2|7|23|109|2023-09-24|2023-09-24
568|Gustavo Sebastián|Pizarro|Valdés|11783698-3|Ventura Lavalle 1642|+56967114624|1971-07-12|2|1193|1|7|23|109|2023-09-24|2023-09-24
569|Natalia Catalina|Vergara|Romero|12624373-1|Guayaquil 94|+56949691922|1974-05-01|3|1194|2|7|23|109|2023-09-24|2023-09-24
570|Gael Nehemías|García|Parra|13791744-0|Manuel Rodríguez 1231|+56910264614|1978-03-24|3|1195|1|7|23|109|2023-09-24|2023-09-24
571|Sebastián Vicente|Muñoz|Navarrete|13554834-0|Pasaje Las Quedereguas 1177|+56988137708|1977-06-08|5|1196|1|7|23|109|2023-09-24|2023-09-24
572|Lila Ariadna|Miranda|Vera|15053455-0|Santa Elvira 793|+56989351750|1982-06-08|4|1197|2|7|23|109|2023-09-24|2023-09-24
573|Manuela Karla|Carrasco|Maldonado|12186487-8|Enrique Mac Iver 754|+56965990298|1972-11-14|5|1198|2|7|23|109|2023-09-24|2023-09-24
574|Benjamín Bruno|Leiva|Acuña|14964933-6|Doctor Díaz Velasco 112|+56962259845|1982-02-20|2|1199|1|7|23|109|2023-09-24|2023-09-24
575|Germán Derek|Ortega|Silva|14563035-5|Cura Marchant 1668|+56926720706|1980-10-18|2|1200|1|7|23|109|2023-09-24|2023-09-24
576|Jimena Violeta|Gallardo|Navarrete|16543136-7|Guillermo Marconi 686|+56958995426|1987-05-28|5|1226|2|7|23|109|2023-09-24|2023-09-24
577|Gustavo Agustín|Valenzuela|Cortés|16440946-5|María Teresa 1759|+56996865910|1987-01-23|2|1227|1|7|23|109|2023-09-24|2023-09-24
578|Belén Almendra|Escobar|Espinoza|11709846-K|Waldo Silva 686|+56956585186|1971-04-13|4|1228|2|7|23|109|2023-09-24|2023-09-24
579|Lucca Elías|Campos|Gutiérrez|11789029-5|Villavicencio 740|+56987263796|1971-07-19|3|1229|1|7|23|109|2023-09-24|2023-09-24
580|Ignacio Xander|Carrasco|Donoso|16504914-4|El Rosedal 770|+56984581724|1987-04-11|3|1230|1|7|23|109|2023-09-24|2023-09-24
581|Pedro Derek|Zúñiga|Moreno|13674799-1|Avenida Carlos Silva Vildosola 1218|+56992929498|1977-11-01|5|1231|1|7|23|109|2023-09-24|2023-09-24
582|Bautista Gael|Cortés|Fuentes|16196690-8|Pasaje Castillo 1713|+56983027396|1986-04-01|2|1232|1|7|23|109|2023-09-24|2023-09-24
583|Martina Giovanna|Valenzuela|Poblete|12587952-7|Sargento Aldea 1669|+56956009410|1974-03-18|4|1233|2|7|23|109|2023-09-24|2023-09-24
584|Luisa Antonella|Yáñez|Torres|14086389-0|Nueva Centenario 677|+56996922564|1979-03-18|5|1234|2|7|23|109|2023-09-24|2023-09-24
585|Erick Kevin|Vera|Alarcón|15670998-0|Purén Indómito 496|+56929934290|1984-06-29|5|1235|1|7|23|109|2023-09-24|2023-09-24
586|Jhon Zahir|Jiménez|Palma|13337755-7|Carmen 1247|+56910842480|1976-09-17|4|1236|1|7|23|109|2023-09-24|2023-09-24
587|Santiago Víctor|Vega|Navarrete|12657627-7|Zenteno 438|+56941817346|1974-06-11|3|1237|1|7|23|109|2023-09-24|2023-09-24
588|Katia Matilda|Lagos|Guerrero|13473746-8|José Santiago Montt 50|+56924296942|1977-03-01|4|1238|2|7|23|109|2023-09-24|2023-09-24
589|Constanza Daniela|Aravena|Molina|13932978-3|Purén Indómito 1447|+56995766203|1978-09-12|5|1239|2|7|23|109|2023-09-24|2023-09-24
590|Kian Gabriel|Moreno|Garrido|12230884-7|Portugal 826|+56968428628|1973-01-07|5|1240|1|7|23|109|2023-09-24|2023-09-24
591|Azul Diana|Reyes|Núñez|12283932-K|Cienfuegos 1566|+56937295486|1973-03-13|5|1241|2|7|23|109|2023-09-24|2023-09-24
592|Vania Josefina|Pizarro|Peña|14365384-6|Correa Errázuriz 1273|+56940891065|1980-02-21|4|1242|2|7|23|109|2023-09-24|2023-09-24
593|Isabella Paz|Bravo|Rivera|15141406-0|Blanco Cuartin 1854|+56983820705|1982-09-23|3|1243|2|7|23|109|2023-09-24|2023-09-24
594|Ian Áxel|Romero|Henríquez|16250135-6|Pasaje El Trebol 201|+56944948591|1986-06-05|4|1244|1|7|23|109|2023-09-24|2023-09-24
595|Alejandro Ignacio|Espinoza|Bustamente|12173133-9|Mac Clure 1206|+56917259960|1972-10-29|4|1245|1|7|23|109|2023-09-24|2023-09-24
596|Ramiro Pedro|Salazar|Cortés|15908713-1|Urzua 33|+56919138626|1985-04-15|4|1246|1|7|23|109|2023-09-24|2023-09-24
597|Leonardo Alonso|Tapia|Bustos|13168807-5|General Las Heras 210|+56936291258|1976-02-24|2|1247|1|7|23|109|2023-09-24|2023-09-24
598|León Walter|Carrasco|Vera|12417365-5|Primero de Mayo 1661|+56956476142|1973-08-22|4|1248|1|7|23|109|2023-09-24|2023-09-24
599|Camilo Fernando|Pizarro|González|14978647-3|Víctor Manuel 120|+56971102001|1982-03-09|4|1249|1|7|23|109|2023-09-24|2023-09-24
600|Jason Mateo|López|Reyes|12285467-1|Chacabuco 934|+56936108482|1973-03-14|4|1250|1|7|23|109|2023-09-24|2023-09-24