id|nombre|procedencia|incorporacion|retiro|apoderadoId|alumnoId|colegioId|cursoId|annoId|vinculoId|createdAt|updatedAt
1|1|curso anterior|2023-03-01|2023-12-20|1|1|1|1|3|1|2023-09-24|2023-09-24
2|2|curso anterior|2023-03-01|2023-12-20|2|2|1|1|3|1|2023-09-24|2023-09-24
3|3|curso anterior|2023-03-01|2023-12-20|3|3|1|1|3|1|2023-09-24|2023-09-24
4|4|curso anterior|2023-03-01|2023-12-20|4|4|1|1|3|1|2023-09-24|2023-09-24
5|5|curso anterior|2023-03-01|2023-12-20|5|5|1|1|3|1|2023-09-24|2023-09-24
6|6|curso anterior|2023-03-01|2023-12-20|6|6|1|1|3|1|2023-09-24|2023-09-24
7|7|curso anterior|2023-03-01|2023-12-20|7|7|1|1|3|1|2023-09-24|2023-09-24
8|8|curso anterior|2023-03-01|2023-12-20|8|8|1|1|3|1|2023-09-24|2023-09-24
9|9|curso anterior|2023-03-01|2023-12-20|9|9|1|1|3|1|2023-09-24|2023-09-24
10|10|curso anterior|2023-03-01|2023-12-20|10|10|1|1|3|1|2023-09-24|2023-09-24
11|11|curso anterior|2023-03-01|2023-12-20|11|11|1|1|3|1|2023-09-24|2023-09-24
12|12|curso anterior|2023-03-01|2023-12-20|12|12|1|1|3|1|2023-09-24|2023-09-24
13|13|curso anterior|2023-03-01|2023-12-20|13|13|1|1|3|1|2023-09-24|2023-09-24
14|14|curso anterior|2023-03-01|2023-12-20|14|14|1|1|3|1|2023-09-24|2023-09-24
15|15|curso anterior|2023-03-01|2023-12-20|15|15|1|1|3|1|2023-09-24|2023-09-24
16|16|curso anterior|2023-03-01|2023-12-20|16|16|1|1|3|1|2023-09-24|2023-09-24
17|17|curso anterior|2023-03-01|2023-12-20|17|17|1|1|3|1|2023-09-24|2023-09-24
18|18|curso anterior|2023-03-01|2023-12-20|18|18|1|1|3|1|2023-09-24|2023-09-24
19|19|curso anterior|2023-03-01|2023-12-20|19|19|1|1|3|1|2023-09-24|2023-09-24
20|20|curso anterior|2023-03-01|2023-12-20|20|20|1|1|3|1|2023-09-24|2023-09-24
21|21|curso anterior|2023-03-01|2023-12-20|21|21|1|1|3|1|2023-09-24|2023-09-24
22|22|curso anterior|2023-03-01|2023-12-20|22|22|1|1|3|1|2023-09-24|2023-09-24
23|23|curso anterior|2023-03-01|2023-12-20|23|23|1|1|3|1|2023-09-24|2023-09-24
24|24|curso anterior|2023-03-01|2023-12-20|24|24|1|1|3|1|2023-09-24|2023-09-24
25|25|curso anterior|2023-03-01|2023-12-20|25|25|1|1|3|1|2023-09-24|2023-09-24
26|26|curso anterior|2023-03-01|2023-12-20|26|26|1|2|3|1|2023-09-24|2023-09-24
27|27|curso anterior|2023-03-01|2023-12-20|27|27|1|2|3|1|2023-09-24|2023-09-24
28|28|curso anterior|2023-03-01|2023-12-20|28|28|1|2|3|1|2023-09-24|2023-09-24
29|29|curso anterior|2023-03-01|2023-12-20|29|29|1|2|3|1|2023-09-24|2023-09-24
30|30|curso anterior|2023-03-01|2023-12-20|30|30|1|2|3|1|2023-09-24|2023-09-24
31|31|curso anterior|2023-03-01|2023-12-20|31|31|1|2|3|1|2023-09-24|2023-09-24
32|32|curso anterior|2023-03-01|2023-12-20|32|32|1|2|3|1|2023-09-24|2023-09-24
33|33|curso anterior|2023-03-01|2023-12-20|33|33|1|2|3|1|2023-09-24|2023-09-24
34|34|curso anterior|2023-03-01|2023-12-20|34|34|1|2|3|1|2023-09-24|2023-09-24
35|35|curso anterior|2023-03-01|2023-12-20|35|35|1|2|3|1|2023-09-24|2023-09-24
36|36|curso anterior|2023-03-01|2023-12-20|36|36|1|2|3|1|2023-09-24|2023-09-24
37|37|curso anterior|2023-03-01|2023-12-20|37|37|1|2|3|1|2023-09-24|2023-09-24
38|38|curso anterior|2023-03-01|2023-12-20|38|38|1|2|3|1|2023-09-24|2023-09-24
39|39|curso anterior|2023-03-01|2023-12-20|39|39|1|2|3|1|2023-09-24|2023-09-24
40|40|curso anterior|2023-03-01|2023-12-20|40|40|1|2|3|1|2023-09-24|2023-09-24
41|41|curso anterior|2023-03-01|2023-12-20|41|41|1|2|3|1|2023-09-24|2023-09-24
42|42|curso anterior|2023-03-01|2023-12-20|42|42|1|2|3|1|2023-09-24|2023-09-24
43|43|curso anterior|2023-03-01|2023-12-20|43|43|1|2|3|1|2023-09-24|2023-09-24
44|44|curso anterior|2023-03-01|2023-12-20|44|44|1|2|3|1|2023-09-24|2023-09-24
45|45|curso anterior|2023-03-01|2023-12-20|45|45|1|2|3|1|2023-09-24|2023-09-24
46|46|curso anterior|2023-03-01|2023-12-20|46|46|1|2|3|1|2023-09-24|2023-09-24
47|47|curso anterior|2023-03-01|2023-12-20|47|47|1|2|3|1|2023-09-24|2023-09-24
48|48|curso anterior|2023-03-01|2023-12-20|48|48|1|2|3|1|2023-09-24|2023-09-24
49|49|curso anterior|2023-03-01|2023-12-20|49|49|1|2|3|1|2023-09-24|2023-09-24
50|50|curso anterior|2023-03-01|2023-12-20|50|50|1|2|3|1|2023-09-24|2023-09-24
51|51|curso anterior|2023-03-01|2023-12-20|51|51|1|3|3|1|2023-09-24|2023-09-24
52|52|curso anterior|2023-03-01|2023-12-20|52|52|1|3|3|1|2023-09-24|2023-09-24
53|53|curso anterior|2023-03-01|2023-12-20|53|53|1|3|3|1|2023-09-24|2023-09-24
54|54|curso anterior|2023-03-01|2023-12-20|54|54|1|3|3|1|2023-09-24|2023-09-24
55|55|curso anterior|2023-03-01|2023-12-20|55|55|1|3|3|1|2023-09-24|2023-09-24
56|56|curso anterior|2023-03-01|2023-12-20|56|56|1|3|3|1|2023-09-24|2023-09-24
57|57|curso anterior|2023-03-01|2023-12-20|57|57|1|3|3|1|2023-09-24|2023-09-24
58|58|curso anterior|2023-03-01|2023-12-20|58|58|1|3|3|1|2023-09-24|2023-09-24
59|59|curso anterior|2023-03-01|2023-12-20|59|59|1|3|3|1|2023-09-24|2023-09-24
60|60|curso anterior|2023-03-01|2023-12-20|60|60|1|3|3|1|2023-09-24|2023-09-24
61|61|curso anterior|2023-03-01|2023-12-20|61|61|1|3|3|1|2023-09-24|2023-09-24
62|62|curso anterior|2023-03-01|2023-12-20|62|62|1|3|3|1|2023-09-24|2023-09-24
63|63|curso anterior|2023-03-01|2023-12-20|63|63|1|3|3|1|2023-09-24|2023-09-24
64|64|curso anterior|2023-03-01|2023-12-20|64|64|1|3|3|1|2023-09-24|2023-09-24
65|65|curso anterior|2023-03-01|2023-12-20|65|65|1|3|3|1|2023-09-24|2023-09-24
66|66|curso anterior|2023-03-01|2023-12-20|66|66|1|3|3|1|2023-09-24|2023-09-24
67|67|curso anterior|2023-03-01|2023-12-20|67|67|1|3|3|1|2023-09-24|2023-09-24
68|68|curso anterior|2023-03-01|2023-12-20|68|68|1|3|3|1|2023-09-24|2023-09-24
69|69|curso anterior|2023-03-01|2023-12-20|69|69|1|3|3|1|2023-09-24|2023-09-24
70|70|curso anterior|2023-03-01|2023-12-20|70|70|1|3|3|1|2023-09-24|2023-09-24
71|71|curso anterior|2023-03-01|2023-12-20|71|71|1|3|3|1|2023-09-24|2023-09-24
72|72|curso anterior|2023-03-01|2023-12-20|72|72|1|3|3|1|2023-09-24|2023-09-24
73|73|curso anterior|2023-03-01|2023-12-20|73|73|1|3|3|1|2023-09-24|2023-09-24
74|74|curso anterior|2023-03-01|2023-12-20|74|74|1|3|3|1|2023-09-24|2023-09-24
75|75|curso anterior|2023-03-01|2023-12-20|75|75|1|3|3|1|2023-09-24|2023-09-24
76|76|curso anterior|2023-03-01|2023-12-20|76|76|1|4|3|1|2023-09-24|2023-09-24
77|77|curso anterior|2023-03-01|2023-12-20|77|77|1|4|3|1|2023-09-24|2023-09-24
78|78|curso anterior|2023-03-01|2023-12-20|78|78|1|4|3|1|2023-09-24|2023-09-24
79|79|curso anterior|2023-03-01|2023-12-20|79|79|1|4|3|1|2023-09-24|2023-09-24
80|80|curso anterior|2023-03-01|2023-12-20|80|80|1|4|3|1|2023-09-24|2023-09-24
81|81|curso anterior|2023-03-01|2023-12-20|81|81|1|4|3|1|2023-09-24|2023-09-24
82|82|curso anterior|2023-03-01|2023-12-20|82|82|1|4|3|1|2023-09-24|2023-09-24
83|83|curso anterior|2023-03-01|2023-12-20|83|83|1|4|3|1|2023-09-24|2023-09-24
84|84|curso anterior|2023-03-01|2023-12-20|84|84|1|4|3|1|2023-09-24|2023-09-24
85|85|curso anterior|2023-03-01|2023-12-20|85|85|1|4|3|1|2023-09-24|2023-09-24
86|86|curso anterior|2023-03-01|2023-12-20|86|86|1|4|3|1|2023-09-24|2023-09-24
87|87|curso anterior|2023-03-01|2023-12-20|87|87|1|4|3|1|2023-09-24|2023-09-24
88|88|curso anterior|2023-03-01|2023-12-20|88|88|1|4|3|1|2023-09-24|2023-09-24
89|89|curso anterior|2023-03-01|2023-12-20|89|89|1|4|3|1|2023-09-24|2023-09-24
90|90|curso anterior|2023-03-01|2023-12-20|90|90|1|4|3|1|2023-09-24|2023-09-24
91|91|curso anterior|2023-03-01|2023-12-20|91|91|1|4|3|1|2023-09-24|2023-09-24
92|92|curso anterior|2023-03-01|2023-12-20|92|92|1|4|3|1|2023-09-24|2023-09-24
93|93|curso anterior|2023-03-01|2023-12-20|93|93|1|4|3|1|2023-09-24|2023-09-24
94|94|curso anterior|2023-03-01|2023-12-20|94|94|1|4|3|1|2023-09-24|2023-09-24
95|95|curso anterior|2023-03-01|2023-12-20|95|95|1|4|3|1|2023-09-24|2023-09-24
96|96|curso anterior|2023-03-01|2023-12-20|96|96|1|4|3|1|2023-09-24|2023-09-24
97|97|curso anterior|2023-03-01|2023-12-20|97|97|1|4|3|1|2023-09-24|2023-09-24
98|98|curso anterior|2023-03-01|2023-12-20|98|98|1|4|3|1|2023-09-24|2023-09-24
99|99|curso anterior|2023-03-01|2023-12-20|99|99|1|4|3|1|2023-09-24|2023-09-24
100|100|curso anterior|2023-03-01|2023-12-20|100|100|1|4|3|1|2023-09-24|2023-09-24
101|101|curso anterior|2023-03-01|2023-12-20|101|101|1|5|3|1|2023-09-24|2023-09-24
102|102|curso anterior|2023-03-01|2023-12-20|102|102|1|5|3|1|2023-09-24|2023-09-24
103|103|curso anterior|2023-03-01|2023-12-20|103|103|1|5|3|1|2023-09-24|2023-09-24
104|104|curso anterior|2023-03-01|2023-12-20|104|104|1|5|3|1|2023-09-24|2023-09-24
105|105|curso anterior|2023-03-01|2023-12-20|105|105|1|5|3|1|2023-09-24|2023-09-24
106|106|curso anterior|2023-03-01|2023-12-20|106|106|1|5|3|1|2023-09-24|2023-09-24
107|107|curso anterior|2023-03-01|2023-12-20|107|107|1|5|3|1|2023-09-24|2023-09-24
108|108|curso anterior|2023-03-01|2023-12-20|108|108|1|5|3|1|2023-09-24|2023-09-24
109|109|curso anterior|2023-03-01|2023-12-20|109|109|1|5|3|1|2023-09-24|2023-09-24
110|110|curso anterior|2023-03-01|2023-12-20|110|110|1|5|3|1|2023-09-24|2023-09-24
111|111|curso anterior|2023-03-01|2023-12-20|111|111|1|5|3|1|2023-09-24|2023-09-24
112|112|curso anterior|2023-03-01|2023-12-20|112|112|1|5|3|1|2023-09-24|2023-09-24
113|113|curso anterior|2023-03-01|2023-12-20|113|113|1|5|3|1|2023-09-24|2023-09-24
114|114|curso anterior|2023-03-01|2023-12-20|114|114|1|5|3|1|2023-09-24|2023-09-24
115|115|curso anterior|2023-03-01|2023-12-20|115|115|1|5|3|1|2023-09-24|2023-09-24
116|116|curso anterior|2023-03-01|2023-12-20|116|116|1|5|3|1|2023-09-24|2023-09-24
117|117|curso anterior|2023-03-01|2023-12-20|117|117|1|5|3|1|2023-09-24|2023-09-24
118|118|curso anterior|2023-03-01|2023-12-20|118|118|1|5|3|1|2023-09-24|2023-09-24
119|119|curso anterior|2023-03-01|2023-12-20|119|119|1|5|3|1|2023-09-24|2023-09-24
120|120|curso anterior|2023-03-01|2023-12-20|120|120|1|5|3|1|2023-09-24|2023-09-24
121|121|curso anterior|2023-03-01|2023-12-20|121|121|1|5|3|1|2023-09-24|2023-09-24
122|122|curso anterior|2023-03-01|2023-12-20|122|122|1|5|3|1|2023-09-24|2023-09-24
123|123|curso anterior|2023-03-01|2023-12-20|123|123|1|5|3|1|2023-09-24|2023-09-24
124|124|curso anterior|2023-03-01|2023-12-20|124|124|1|5|3|1|2023-09-24|2023-09-24
125|125|curso anterior|2023-03-01|2023-12-20|125|125|1|5|3|1|2023-09-24|2023-09-24
126|126|curso anterior|2023-03-01|2023-12-20|126|126|1|6|3|1|2023-09-24|2023-09-24
127|127|curso anterior|2023-03-01|2023-12-20|127|127|1|6|3|1|2023-09-24|2023-09-24
128|128|curso anterior|2023-03-01|2023-12-20|128|128|1|6|3|1|2023-09-24|2023-09-24
129|129|curso anterior|2023-03-01|2023-12-20|129|129|1|6|3|1|2023-09-24|2023-09-24
130|130|curso anterior|2023-03-01|2023-12-20|130|130|1|6|3|1|2023-09-24|2023-09-24
131|131|curso anterior|2023-03-01|2023-12-20|131|131|1|6|3|1|2023-09-24|2023-09-24
132|132|curso anterior|2023-03-01|2023-12-20|132|132|1|6|3|1|2023-09-24|2023-09-24
133|133|curso anterior|2023-03-01|2023-12-20|133|133|1|6|3|1|2023-09-24|2023-09-24
134|134|curso anterior|2023-03-01|2023-12-20|134|134|1|6|3|1|2023-09-24|2023-09-24
135|135|curso anterior|2023-03-01|2023-12-20|135|135|1|6|3|1|2023-09-24|2023-09-24
136|136|curso anterior|2023-03-01|2023-12-20|136|136|1|6|3|1|2023-09-24|2023-09-24
137|137|curso anterior|2023-03-01|2023-12-20|137|137|1|6|3|1|2023-09-24|2023-09-24
138|138|curso anterior|2023-03-01|2023-12-20|138|138|1|6|3|1|2023-09-24|2023-09-24
139|139|curso anterior|2023-03-01|2023-12-20|139|139|1|6|3|1|2023-09-24|2023-09-24
140|140|curso anterior|2023-03-01|2023-12-20|140|140|1|6|3|1|2023-09-24|2023-09-24
141|141|curso anterior|2023-03-01|2023-12-20|141|141|1|6|3|1|2023-09-24|2023-09-24
142|142|curso anterior|2023-03-01|2023-12-20|142|142|1|6|3|1|2023-09-24|2023-09-24
143|143|curso anterior|2023-03-01|2023-12-20|143|143|1|6|3|1|2023-09-24|2023-09-24
144|144|curso anterior|2023-03-01|2023-12-20|144|144|1|6|3|1|2023-09-24|2023-09-24
145|145|curso anterior|2023-03-01|2023-12-20|145|145|1|6|3|1|2023-09-24|2023-09-24
146|146|curso anterior|2023-03-01|2023-12-20|146|146|1|6|3|1|2023-09-24|2023-09-24
147|147|curso anterior|2023-03-01|2023-12-20|147|147|1|6|3|1|2023-09-24|2023-09-24
148|148|curso anterior|2023-03-01|2023-12-20|148|148|1|6|3|1|2023-09-24|2023-09-24
149|149|curso anterior|2023-03-01|2023-12-20|149|149|1|6|3|1|2023-09-24|2023-09-24
150|150|curso anterior|2023-03-01|2023-12-20|150|150|1|6|3|1|2023-09-24|2023-09-24
151|151|curso anterior|2023-03-01|2023-12-20|151|151|1|7|3|1|2023-09-24|2023-09-24
152|152|curso anterior|2023-03-01|2023-12-20|152|152|1|7|3|1|2023-09-24|2023-09-24
153|153|curso anterior|2023-03-01|2023-12-20|153|153|1|7|3|1|2023-09-24|2023-09-24
154|154|curso anterior|2023-03-01|2023-12-20|154|154|1|7|3|1|2023-09-24|2023-09-24
155|155|curso anterior|2023-03-01|2023-12-20|155|155|1|7|3|1|2023-09-24|2023-09-24
156|156|curso anterior|2023-03-01|2023-12-20|156|156|1|7|3|1|2023-09-24|2023-09-24
157|157|curso anterior|2023-03-01|2023-12-20|157|157|1|7|3|1|2023-09-24|2023-09-24
158|158|curso anterior|2023-03-01|2023-12-20|158|158|1|7|3|1|2023-09-24|2023-09-24
159|159|curso anterior|2023-03-01|2023-12-20|159|159|1|7|3|1|2023-09-24|2023-09-24
160|160|curso anterior|2023-03-01|2023-12-20|160|160|1|7|3|1|2023-09-24|2023-09-24
161|161|curso anterior|2023-03-01|2023-12-20|161|161|1|7|3|1|2023-09-24|2023-09-24
162|162|curso anterior|2023-03-01|2023-12-20|162|162|1|7|3|1|2023-09-24|2023-09-24
163|163|curso anterior|2023-03-01|2023-12-20|163|163|1|7|3|1|2023-09-24|2023-09-24
164|164|curso anterior|2023-03-01|2023-12-20|164|164|1|7|3|1|2023-09-24|2023-09-24
165|165|curso anterior|2023-03-01|2023-12-20|165|165|1|7|3|1|2023-09-24|2023-09-24
166|166|curso anterior|2023-03-01|2023-12-20|166|166|1|7|3|1|2023-09-24|2023-09-24
167|167|curso anterior|2023-03-01|2023-12-20|167|167|1|7|3|1|2023-09-24|2023-09-24
168|168|curso anterior|2023-03-01|2023-12-20|168|168|1|7|3|1|2023-09-24|2023-09-24
169|169|curso anterior|2023-03-01|2023-12-20|169|169|1|7|3|1|2023-09-24|2023-09-24
170|170|curso anterior|2023-03-01|2023-12-20|170|170|1|7|3|1|2023-09-24|2023-09-24
171|171|curso anterior|2023-03-01|2023-12-20|171|171|1|7|3|1|2023-09-24|2023-09-24
172|172|curso anterior|2023-03-01|2023-12-20|172|172|1|7|3|1|2023-09-24|2023-09-24
173|173|curso anterior|2023-03-01|2023-12-20|173|173|1|7|3|1|2023-09-24|2023-09-24
174|174|curso anterior|2023-03-01|2023-12-20|174|174|1|7|3|1|2023-09-24|2023-09-24
175|175|curso anterior|2023-03-01|2023-12-20|175|175|1|7|3|1|2023-09-24|2023-09-24
176|176|curso anterior|2023-03-01|2023-12-20|176|176|1|8|3|1|2023-09-24|2023-09-24
177|177|curso anterior|2023-03-01|2023-12-20|177|177|1|8|3|1|2023-09-24|2023-09-24
178|178|curso anterior|2023-03-01|2023-12-20|178|178|1|8|3|1|2023-09-24|2023-09-24
179|179|curso anterior|2023-03-01|2023-12-20|179|179|1|8|3|1|2023-09-24|2023-09-24
180|180|curso anterior|2023-03-01|2023-12-20|180|180|1|8|3|1|2023-09-24|2023-09-24
181|181|curso anterior|2023-03-01|2023-12-20|181|181|1|8|3|1|2023-09-24|2023-09-24
182|182|curso anterior|2023-03-01|2023-12-20|182|182|1|8|3|1|2023-09-24|2023-09-24
183|183|curso anterior|2023-03-01|2023-12-20|183|183|1|8|3|1|2023-09-24|2023-09-24
184|184|curso anterior|2023-03-01|2023-12-20|184|184|1|8|3|1|2023-09-24|2023-09-24
185|185|curso anterior|2023-03-01|2023-12-20|185|185|1|8|3|1|2023-09-24|2023-09-24
186|186|curso anterior|2023-03-01|2023-12-20|186|186|1|8|3|1|2023-09-24|2023-09-24
187|187|curso anterior|2023-03-01|2023-12-20|187|187|1|8|3|1|2023-09-24|2023-09-24
188|188|curso anterior|2023-03-01|2023-12-20|188|188|1|8|3|1|2023-09-24|2023-09-24
189|189|curso anterior|2023-03-01|2023-12-20|189|189|1|8|3|1|2023-09-24|2023-09-24
190|190|curso anterior|2023-03-01|2023-12-20|190|190|1|8|3|1|2023-09-24|2023-09-24
191|191|curso anterior|2023-03-01|2023-12-20|191|191|1|8|3|1|2023-09-24|2023-09-24
192|192|curso anterior|2023-03-01|2023-12-20|192|192|1|8|3|1|2023-09-24|2023-09-24
193|193|curso anterior|2023-03-01|2023-12-20|193|193|1|8|3|1|2023-09-24|2023-09-24
194|194|curso anterior|2023-03-01|2023-12-20|194|194|1|8|3|1|2023-09-24|2023-09-24
195|195|curso anterior|2023-03-01|2023-12-20|195|195|1|8|3|1|2023-09-24|2023-09-24
196|196|curso anterior|2023-03-01|2023-12-20|196|196|1|8|3|1|2023-09-24|2023-09-24
197|197|curso anterior|2023-03-01|2023-12-20|197|197|1|8|3|1|2023-09-24|2023-09-24
198|198|curso anterior|2023-03-01|2023-12-20|198|198|1|8|3|1|2023-09-24|2023-09-24
199|199|curso anterior|2023-03-01|2023-12-20|199|199|1|8|3|1|2023-09-24|2023-09-24
200|200|curso anterior|2023-03-01|2023-12-20|200|200|1|8|3|1|2023-09-24|2023-09-24
201|201|curso anterior|2023-03-01|2023-12-20|201|201|1|9|3|1|2023-09-24|2023-09-24
202|202|curso anterior|2023-03-01|2023-12-20|202|202|1|9|3|1|2023-09-24|2023-09-24
203|203|curso anterior|2023-03-01|2023-12-20|203|203|1|9|3|1|2023-09-24|2023-09-24
204|204|curso anterior|2023-03-01|2023-12-20|204|204|1|9|3|1|2023-09-24|2023-09-24
205|205|curso anterior|2023-03-01|2023-12-20|205|205|1|9|3|1|2023-09-24|2023-09-24
206|206|curso anterior|2023-03-01|2023-12-20|206|206|1|9|3|1|2023-09-24|2023-09-24
207|207|curso anterior|2023-03-01|2023-12-20|207|207|1|9|3|1|2023-09-24|2023-09-24
208|208|curso anterior|2023-03-01|2023-12-20|208|208|1|9|3|1|2023-09-24|2023-09-24
209|209|curso anterior|2023-03-01|2023-12-20|209|209|1|9|3|1|2023-09-24|2023-09-24
210|210|curso anterior|2023-03-01|2023-12-20|210|210|1|9|3|1|2023-09-24|2023-09-24
211|211|curso anterior|2023-03-01|2023-12-20|211|211|1|9|3|1|2023-09-24|2023-09-24
212|212|curso anterior|2023-03-01|2023-12-20|212|212|1|9|3|1|2023-09-24|2023-09-24
213|213|curso anterior|2023-03-01|2023-12-20|213|213|1|9|3|1|2023-09-24|2023-09-24
214|214|curso anterior|2023-03-01|2023-12-20|214|214|1|9|3|1|2023-09-24|2023-09-24
215|215|curso anterior|2023-03-01|2023-12-20|215|215|1|9|3|1|2023-09-24|2023-09-24
216|216|curso anterior|2023-03-01|2023-12-20|216|216|1|9|3|1|2023-09-24|2023-09-24
217|217|curso anterior|2023-03-01|2023-12-20|217|217|1|9|3|1|2023-09-24|2023-09-24
218|218|curso anterior|2023-03-01|2023-12-20|218|218|1|9|3|1|2023-09-24|2023-09-24
219|219|curso anterior|2023-03-01|2023-12-20|219|219|1|9|3|1|2023-09-24|2023-09-24
220|220|curso anterior|2023-03-01|2023-12-20|220|220|1|9|3|1|2023-09-24|2023-09-24
221|221|curso anterior|2023-03-01|2023-12-20|221|221|1|9|3|1|2023-09-24|2023-09-24
222|222|curso anterior|2023-03-01|2023-12-20|222|222|1|9|3|1|2023-09-24|2023-09-24
223|223|curso anterior|2023-03-01|2023-12-20|223|223|1|9|3|1|2023-09-24|2023-09-24
224|224|curso anterior|2023-03-01|2023-12-20|224|224|1|9|3|1|2023-09-24|2023-09-24
225|225|curso anterior|2023-03-01|2023-12-20|225|225|1|9|3|1|2023-09-24|2023-09-24
226|226|curso anterior|2023-03-01|2023-12-20|226|226|1|10|3|1|2023-09-24|2023-09-24
227|227|curso anterior|2023-03-01|2023-12-20|227|227|1|10|3|1|2023-09-24|2023-09-24
228|228|curso anterior|2023-03-01|2023-12-20|228|228|1|10|3|1|2023-09-24|2023-09-24
229|229|curso anterior|2023-03-01|2023-12-20|229|229|1|10|3|1|2023-09-24|2023-09-24
230|230|curso anterior|2023-03-01|2023-12-20|230|230|1|10|3|1|2023-09-24|2023-09-24
231|231|curso anterior|2023-03-01|2023-12-20|231|231|1|10|3|1|2023-09-24|2023-09-24
232|232|curso anterior|2023-03-01|2023-12-20|232|232|1|10|3|1|2023-09-24|2023-09-24
233|233|curso anterior|2023-03-01|2023-12-20|233|233|1|10|3|1|2023-09-24|2023-09-24
234|234|curso anterior|2023-03-01|2023-12-20|234|234|1|10|3|1|2023-09-24|2023-09-24
235|235|curso anterior|2023-03-01|2023-12-20|235|235|1|10|3|1|2023-09-24|2023-09-24
236|236|curso anterior|2023-03-01|2023-12-20|236|236|1|10|3|1|2023-09-24|2023-09-24
237|237|curso anterior|2023-03-01|2023-12-20|237|237|1|10|3|1|2023-09-24|2023-09-24
238|238|curso anterior|2023-03-01|2023-12-20|238|238|1|10|3|1|2023-09-24|2023-09-24
239|239|curso anterior|2023-03-01|2023-12-20|239|239|1|10|3|1|2023-09-24|2023-09-24
240|240|curso anterior|2023-03-01|2023-12-20|240|240|1|10|3|1|2023-09-24|2023-09-24
241|241|curso anterior|2023-03-01|2023-12-20|241|241|1|10|3|1|2023-09-24|2023-09-24
242|242|curso anterior|2023-03-01|2023-12-20|242|242|1|10|3|1|2023-09-24|2023-09-24
243|243|curso anterior|2023-03-01|2023-12-20|243|243|1|10|3|1|2023-09-24|2023-09-24
244|244|curso anterior|2023-03-01|2023-12-20|244|244|1|10|3|1|2023-09-24|2023-09-24
245|245|curso anterior|2023-03-01|2023-12-20|245|245|1|10|3|1|2023-09-24|2023-09-24
246|246|curso anterior|2023-03-01|2023-12-20|246|246|1|10|3|1|2023-09-24|2023-09-24
247|247|curso anterior|2023-03-01|2023-12-20|247|247|1|10|3|1|2023-09-24|2023-09-24
248|248|curso anterior|2023-03-01|2023-12-20|248|248|1|10|3|1|2023-09-24|2023-09-24
249|249|curso anterior|2023-03-01|2023-12-20|249|249|1|10|3|1|2023-09-24|2023-09-24
250|250|curso anterior|2023-03-01|2023-12-20|250|250|1|10|3|1|2023-09-24|2023-09-24
251|251|curso anterior|2023-03-01|2023-12-20|251|251|1|11|3|1|2023-09-24|2023-09-24
252|252|curso anterior|2023-03-01|2023-12-20|252|252|1|11|3|1|2023-09-24|2023-09-24
253|253|curso anterior|2023-03-01|2023-12-20|253|253|1|11|3|1|2023-09-24|2023-09-24
254|254|curso anterior|2023-03-01|2023-12-20|254|254|1|11|3|1|2023-09-24|2023-09-24
255|255|curso anterior|2023-03-01|2023-12-20|255|255|1|11|3|1|2023-09-24|2023-09-24
256|256|curso anterior|2023-03-01|2023-12-20|256|256|1|11|3|1|2023-09-24|2023-09-24
257|257|curso anterior|2023-03-01|2023-12-20|257|257|1|11|3|1|2023-09-24|2023-09-24
258|258|curso anterior|2023-03-01|2023-12-20|258|258|1|11|3|1|2023-09-24|2023-09-24
259|259|curso anterior|2023-03-01|2023-12-20|259|259|1|11|3|1|2023-09-24|2023-09-24
260|260|curso anterior|2023-03-01|2023-12-20|260|260|1|11|3|1|2023-09-24|2023-09-24
261|261|curso anterior|2023-03-01|2023-12-20|261|261|1|11|3|1|2023-09-24|2023-09-24
262|262|curso anterior|2023-03-01|2023-12-20|262|262|1|11|3|1|2023-09-24|2023-09-24
263|263|curso anterior|2023-03-01|2023-12-20|263|263|1|11|3|1|2023-09-24|2023-09-24
264|264|curso anterior|2023-03-01|2023-12-20|264|264|1|11|3|1|2023-09-24|2023-09-24
265|265|curso anterior|2023-03-01|2023-12-20|265|265|1|11|3|1|2023-09-24|2023-09-24
266|266|curso anterior|2023-03-01|2023-12-20|266|266|1|11|3|1|2023-09-24|2023-09-24
267|267|curso anterior|2023-03-01|2023-12-20|267|267|1|11|3|1|2023-09-24|2023-09-24
268|268|curso anterior|2023-03-01|2023-12-20|268|268|1|11|3|1|2023-09-24|2023-09-24
269|269|curso anterior|2023-03-01|2023-12-20|269|269|1|11|3|1|2023-09-24|2023-09-24
270|270|curso anterior|2023-03-01|2023-12-20|270|270|1|11|3|1|2023-09-24|2023-09-24
271|271|curso anterior|2023-03-01|2023-12-20|271|271|1|11|3|1|2023-09-24|2023-09-24
272|272|curso anterior|2023-03-01|2023-12-20|272|272|1|11|3|1|2023-09-24|2023-09-24
273|273|curso anterior|2023-03-01|2023-12-20|273|273|1|11|3|1|2023-09-24|2023-09-24
274|274|curso anterior|2023-03-01|2023-12-20|274|274|1|11|3|1|2023-09-24|2023-09-24
275|275|curso anterior|2023-03-01|2023-12-20|275|275|1|11|3|1|2023-09-24|2023-09-24
276|276|curso anterior|2023-03-01|2023-12-20|276|276|1|12|3|1|2023-09-24|2023-09-24
277|277|curso anterior|2023-03-01|2023-12-20|277|277|1|12|3|1|2023-09-24|2023-09-24
278|278|curso anterior|2023-03-01|2023-12-20|278|278|1|12|3|1|2023-09-24|2023-09-24
279|279|curso anterior|2023-03-01|2023-12-20|279|279|1|12|3|1|2023-09-24|2023-09-24
280|280|curso anterior|2023-03-01|2023-12-20|280|280|1|12|3|1|2023-09-24|2023-09-24
281|281|curso anterior|2023-03-01|2023-12-20|281|281|1|12|3|1|2023-09-24|2023-09-24
282|282|curso anterior|2023-03-01|2023-12-20|282|282|1|12|3|1|2023-09-24|2023-09-24
283|283|curso anterior|2023-03-01|2023-12-20|283|283|1|12|3|1|2023-09-24|2023-09-24
284|284|curso anterior|2023-03-01|2023-12-20|284|284|1|12|3|1|2023-09-24|2023-09-24
285|285|curso anterior|2023-03-01|2023-12-20|285|285|1|12|3|1|2023-09-24|2023-09-24
286|286|curso anterior|2023-03-01|2023-12-20|286|286|1|12|3|1|2023-09-24|2023-09-24
287|287|curso anterior|2023-03-01|2023-12-20|287|287|1|12|3|1|2023-09-24|2023-09-24
288|288|curso anterior|2023-03-01|2023-12-20|288|288|1|12|3|1|2023-09-24|2023-09-24
289|289|curso anterior|2023-03-01|2023-12-20|289|289|1|12|3|1|2023-09-24|2023-09-24
290|290|curso anterior|2023-03-01|2023-12-20|290|290|1|12|3|1|2023-09-24|2023-09-24
291|291|curso anterior|2023-03-01|2023-12-20|291|291|1|12|3|1|2023-09-24|2023-09-24
292|292|curso anterior|2023-03-01|2023-12-20|292|292|1|12|3|1|2023-09-24|2023-09-24
293|293|curso anterior|2023-03-01|2023-12-20|293|293|1|12|3|1|2023-09-24|2023-09-24
294|294|curso anterior|2023-03-01|2023-12-20|294|294|1|12|3|1|2023-09-24|2023-09-24
295|295|curso anterior|2023-03-01|2023-12-20|295|295|1|12|3|1|2023-09-24|2023-09-24
296|296|curso anterior|2023-03-01|2023-12-20|296|296|1|12|3|1|2023-09-24|2023-09-24
297|297|curso anterior|2023-03-01|2023-12-20|297|297|1|12|3|1|2023-09-24|2023-09-24
298|298|curso anterior|2023-03-01|2023-12-20|298|298|1|12|3|1|2023-09-24|2023-09-24
299|299|curso anterior|2023-03-01|2023-12-20|299|299|1|12|3|1|2023-09-24|2023-09-24
300|300|curso anterior|2023-03-01|2023-12-20|300|300|1|12|3|1|2023-09-24|2023-09-24
301|301|curso anterior|2023-03-01|2023-12-20|301|301|1|13|3|1|2023-09-24|2023-09-24
302|302|curso anterior|2023-03-01|2023-12-20|302|302|1|13|3|1|2023-09-24|2023-09-24
303|303|curso anterior|2023-03-01|2023-12-20|303|303|1|13|3|1|2023-09-24|2023-09-24
304|304|curso anterior|2023-03-01|2023-12-20|304|304|1|13|3|1|2023-09-24|2023-09-24
305|305|curso anterior|2023-03-01|2023-12-20|305|305|1|13|3|1|2023-09-24|2023-09-24
306|306|curso anterior|2023-03-01|2023-12-20|306|306|1|13|3|1|2023-09-24|2023-09-24
307|307|curso anterior|2023-03-01|2023-12-20|307|307|1|13|3|1|2023-09-24|2023-09-24
308|308|curso anterior|2023-03-01|2023-12-20|308|308|1|13|3|1|2023-09-24|2023-09-24
309|309|curso anterior|2023-03-01|2023-12-20|309|309|1|13|3|1|2023-09-24|2023-09-24
310|310|curso anterior|2023-03-01|2023-12-20|310|310|1|13|3|1|2023-09-24|2023-09-24
311|311|curso anterior|2023-03-01|2023-12-20|311|311|1|13|3|1|2023-09-24|2023-09-24
312|312|curso anterior|2023-03-01|2023-12-20|312|312|1|13|3|1|2023-09-24|2023-09-24
313|313|curso anterior|2023-03-01|2023-12-20|313|313|1|13|3|1|2023-09-24|2023-09-24
314|314|curso anterior|2023-03-01|2023-12-20|314|314|1|13|3|1|2023-09-24|2023-09-24
315|315|curso anterior|2023-03-01|2023-12-20|315|315|1|13|3|1|2023-09-24|2023-09-24
316|316|curso anterior|2023-03-01|2023-12-20|316|316|1|13|3|1|2023-09-24|2023-09-24
317|317|curso anterior|2023-03-01|2023-12-20|317|317|1|13|3|1|2023-09-24|2023-09-24
318|318|curso anterior|2023-03-01|2023-12-20|318|318|1|13|3|1|2023-09-24|2023-09-24
319|319|curso anterior|2023-03-01|2023-12-20|319|319|1|13|3|1|2023-09-24|2023-09-24
320|320|curso anterior|2023-03-01|2023-12-20|320|320|1|13|3|1|2023-09-24|2023-09-24
321|321|curso anterior|2023-03-01|2023-12-20|321|321|1|13|3|1|2023-09-24|2023-09-24
322|322|curso anterior|2023-03-01|2023-12-20|322|322|1|13|3|1|2023-09-24|2023-09-24
323|323|curso anterior|2023-03-01|2023-12-20|323|323|1|13|3|1|2023-09-24|2023-09-24
324|324|curso anterior|2023-03-01|2023-12-20|324|324|1|13|3|1|2023-09-24|2023-09-24
325|325|curso anterior|2023-03-01|2023-12-20|325|325|1|13|3|1|2023-09-24|2023-09-24
326|326|curso anterior|2023-03-01|2023-12-20|326|326|1|14|3|1|2023-09-24|2023-09-24
327|327|curso anterior|2023-03-01|2023-12-20|327|327|1|14|3|1|2023-09-24|2023-09-24
328|328|curso anterior|2023-03-01|2023-12-20|328|328|1|14|3|1|2023-09-24|2023-09-24
329|329|curso anterior|2023-03-01|2023-12-20|329|329|1|14|3|1|2023-09-24|2023-09-24
330|330|curso anterior|2023-03-01|2023-12-20|330|330|1|14|3|1|2023-09-24|2023-09-24
331|331|curso anterior|2023-03-01|2023-12-20|331|331|1|14|3|1|2023-09-24|2023-09-24
332|332|curso anterior|2023-03-01|2023-12-20|332|332|1|14|3|1|2023-09-24|2023-09-24
333|333|curso anterior|2023-03-01|2023-12-20|333|333|1|14|3|1|2023-09-24|2023-09-24
334|334|curso anterior|2023-03-01|2023-12-20|334|334|1|14|3|1|2023-09-24|2023-09-24
335|335|curso anterior|2023-03-01|2023-12-20|335|335|1|14|3|1|2023-09-24|2023-09-24
336|336|curso anterior|2023-03-01|2023-12-20|336|336|1|14|3|1|2023-09-24|2023-09-24
337|337|curso anterior|2023-03-01|2023-12-20|337|337|1|14|3|1|2023-09-24|2023-09-24
338|338|curso anterior|2023-03-01|2023-12-20|338|338|1|14|3|1|2023-09-24|2023-09-24
339|339|curso anterior|2023-03-01|2023-12-20|339|339|1|14|3|1|2023-09-24|2023-09-24
340|340|curso anterior|2023-03-01|2023-12-20|340|340|1|14|3|1|2023-09-24|2023-09-24
341|341|curso anterior|2023-03-01|2023-12-20|341|341|1|14|3|1|2023-09-24|2023-09-24
342|342|curso anterior|2023-03-01|2023-12-20|342|342|1|14|3|1|2023-09-24|2023-09-24
343|343|curso anterior|2023-03-01|2023-12-20|343|343|1|14|3|1|2023-09-24|2023-09-24
344|344|curso anterior|2023-03-01|2023-12-20|344|344|1|14|3|1|2023-09-24|2023-09-24
345|345|curso anterior|2023-03-01|2023-12-20|345|345|1|14|3|1|2023-09-24|2023-09-24
346|346|curso anterior|2023-03-01|2023-12-20|346|346|1|14|3|1|2023-09-24|2023-09-24
347|347|curso anterior|2023-03-01|2023-12-20|347|347|1|14|3|1|2023-09-24|2023-09-24
348|348|curso anterior|2023-03-01|2023-12-20|348|348|1|14|3|1|2023-09-24|2023-09-24
349|349|curso anterior|2023-03-01|2023-12-20|349|349|1|14|3|1|2023-09-24|2023-09-24
350|350|curso anterior|2023-03-01|2023-12-20|350|350|1|14|3|1|2023-09-24|2023-09-24
351|351|curso anterior|2023-03-01|2023-12-20|351|351|1|15|3|1|2023-09-24|2023-09-24
352|352|curso anterior|2023-03-01|2023-12-20|352|352|1|15|3|1|2023-09-24|2023-09-24
353|353|curso anterior|2023-03-01|2023-12-20|353|353|1|15|3|1|2023-09-24|2023-09-24
354|354|curso anterior|2023-03-01|2023-12-20|354|354|1|15|3|1|2023-09-24|2023-09-24
355|355|curso anterior|2023-03-01|2023-12-20|355|355|1|15|3|1|2023-09-24|2023-09-24
356|356|curso anterior|2023-03-01|2023-12-20|356|356|1|15|3|1|2023-09-24|2023-09-24
357|357|curso anterior|2023-03-01|2023-12-20|357|357|1|15|3|1|2023-09-24|2023-09-24
358|358|curso anterior|2023-03-01|2023-12-20|358|358|1|15|3|1|2023-09-24|2023-09-24
359|359|curso anterior|2023-03-01|2023-12-20|359|359|1|15|3|1|2023-09-24|2023-09-24
360|360|curso anterior|2023-03-01|2023-12-20|360|360|1|15|3|1|2023-09-24|2023-09-24
361|361|curso anterior|2023-03-01|2023-12-20|361|361|1|15|3|1|2023-09-24|2023-09-24
362|362|curso anterior|2023-03-01|2023-12-20|362|362|1|15|3|1|2023-09-24|2023-09-24
363|363|curso anterior|2023-03-01|2023-12-20|363|363|1|15|3|1|2023-09-24|2023-09-24
364|364|curso anterior|2023-03-01|2023-12-20|364|364|1|15|3|1|2023-09-24|2023-09-24
365|365|curso anterior|2023-03-01|2023-12-20|365|365|1|15|3|1|2023-09-24|2023-09-24
366|366|curso anterior|2023-03-01|2023-12-20|366|366|1|15|3|1|2023-09-24|2023-09-24
367|367|curso anterior|2023-03-01|2023-12-20|367|367|1|15|3|1|2023-09-24|2023-09-24
368|368|curso anterior|2023-03-01|2023-12-20|368|368|1|15|3|1|2023-09-24|2023-09-24
369|369|curso anterior|2023-03-01|2023-12-20|369|369|1|15|3|1|2023-09-24|2023-09-24
370|370|curso anterior|2023-03-01|2023-12-20|370|370|1|15|3|1|2023-09-24|2023-09-24
371|371|curso anterior|2023-03-01|2023-12-20|371|371|1|15|3|1|2023-09-24|2023-09-24
372|372|curso anterior|2023-03-01|2023-12-20|372|372|1|15|3|1|2023-09-24|2023-09-24
373|373|curso anterior|2023-03-01|2023-12-20|373|373|1|15|3|1|2023-09-24|2023-09-24
374|374|curso anterior|2023-03-01|2023-12-20|374|374|1|15|3|1|2023-09-24|2023-09-24
375|375|curso anterior|2023-03-01|2023-12-20|375|375|1|15|3|1|2023-09-24|2023-09-24
376|376|curso anterior|2023-03-01|2023-12-20|376|376|1|16|3|1|2023-09-24|2023-09-24
377|377|curso anterior|2023-03-01|2023-12-20|377|377|1|16|3|1|2023-09-24|2023-09-24
378|378|curso anterior|2023-03-01|2023-12-20|378|378|1|16|3|1|2023-09-24|2023-09-24
379|379|curso anterior|2023-03-01|2023-12-20|379|379|1|16|3|1|2023-09-24|2023-09-24
380|380|curso anterior|2023-03-01|2023-12-20|380|380|1|16|3|1|2023-09-24|2023-09-24
381|381|curso anterior|2023-03-01|2023-12-20|381|381|1|16|3|1|2023-09-24|2023-09-24
382|382|curso anterior|2023-03-01|2023-12-20|382|382|1|16|3|1|2023-09-24|2023-09-24
383|383|curso anterior|2023-03-01|2023-12-20|383|383|1|16|3|1|2023-09-24|2023-09-24
384|384|curso anterior|2023-03-01|2023-12-20|384|384|1|16|3|1|2023-09-24|2023-09-24
385|385|curso anterior|2023-03-01|2023-12-20|385|385|1|16|3|1|2023-09-24|2023-09-24
386|386|curso anterior|2023-03-01|2023-12-20|386|386|1|16|3|1|2023-09-24|2023-09-24
387|387|curso anterior|2023-03-01|2023-12-20|387|387|1|16|3|1|2023-09-24|2023-09-24
388|388|curso anterior|2023-03-01|2023-12-20|388|388|1|16|3|1|2023-09-24|2023-09-24
389|389|curso anterior|2023-03-01|2023-12-20|389|389|1|16|3|1|2023-09-24|2023-09-24
390|390|curso anterior|2023-03-01|2023-12-20|390|390|1|16|3|1|2023-09-24|2023-09-24
391|391|curso anterior|2023-03-01|2023-12-20|391|391|1|16|3|1|2023-09-24|2023-09-24
392|392|curso anterior|2023-03-01|2023-12-20|392|392|1|16|3|1|2023-09-24|2023-09-24
393|393|curso anterior|2023-03-01|2023-12-20|393|393|1|16|3|1|2023-09-24|2023-09-24
394|394|curso anterior|2023-03-01|2023-12-20|394|394|1|16|3|1|2023-09-24|2023-09-24
395|395|curso anterior|2023-03-01|2023-12-20|395|395|1|16|3|1|2023-09-24|2023-09-24
396|396|curso anterior|2023-03-01|2023-12-20|396|396|1|16|3|1|2023-09-24|2023-09-24
397|397|curso anterior|2023-03-01|2023-12-20|397|397|1|16|3|1|2023-09-24|2023-09-24
398|398|curso anterior|2023-03-01|2023-12-20|398|398|1|16|3|1|2023-09-24|2023-09-24
399|399|curso anterior|2023-03-01|2023-12-20|399|399|1|16|3|1|2023-09-24|2023-09-24
400|400|curso anterior|2023-03-01|2023-12-20|400|400|1|16|3|1|2023-09-24|2023-09-24
401|401|curso anterior|2023-03-01|2023-12-20|401|401|1|17|3|1|2023-09-24|2023-09-24
402|402|curso anterior|2023-03-01|2023-12-20|402|402|1|17|3|1|2023-09-24|2023-09-24
403|403|curso anterior|2023-03-01|2023-12-20|403|403|1|17|3|1|2023-09-24|2023-09-24
404|404|curso anterior|2023-03-01|2023-12-20|404|404|1|17|3|1|2023-09-24|2023-09-24
405|405|curso anterior|2023-03-01|2023-12-20|405|405|1|17|3|1|2023-09-24|2023-09-24
406|406|curso anterior|2023-03-01|2023-12-20|406|406|1|17|3|1|2023-09-24|2023-09-24
407|407|curso anterior|2023-03-01|2023-12-20|407|407|1|17|3|1|2023-09-24|2023-09-24
408|408|curso anterior|2023-03-01|2023-12-20|408|408|1|17|3|1|2023-09-24|2023-09-24
409|409|curso anterior|2023-03-01|2023-12-20|409|409|1|17|3|1|2023-09-24|2023-09-24
410|410|curso anterior|2023-03-01|2023-12-20|410|410|1|17|3|1|2023-09-24|2023-09-24
411|411|curso anterior|2023-03-01|2023-12-20|411|411|1|17|3|1|2023-09-24|2023-09-24
412|412|curso anterior|2023-03-01|2023-12-20|412|412|1|17|3|1|2023-09-24|2023-09-24
413|413|curso anterior|2023-03-01|2023-12-20|413|413|1|17|3|1|2023-09-24|2023-09-24
414|414|curso anterior|2023-03-01|2023-12-20|414|414|1|17|3|1|2023-09-24|2023-09-24
415|415|curso anterior|2023-03-01|2023-12-20|415|415|1|17|3|1|2023-09-24|2023-09-24
416|416|curso anterior|2023-03-01|2023-12-20|416|416|1|17|3|1|2023-09-24|2023-09-24
417|417|curso anterior|2023-03-01|2023-12-20|417|417|1|17|3|1|2023-09-24|2023-09-24
418|418|curso anterior|2023-03-01|2023-12-20|418|418|1|17|3|1|2023-09-24|2023-09-24
419|419|curso anterior|2023-03-01|2023-12-20|419|419|1|17|3|1|2023-09-24|2023-09-24
420|420|curso anterior|2023-03-01|2023-12-20|420|420|1|17|3|1|2023-09-24|2023-09-24
421|421|curso anterior|2023-03-01|2023-12-20|421|421|1|17|3|1|2023-09-24|2023-09-24
422|422|curso anterior|2023-03-01|2023-12-20|422|422|1|17|3|1|2023-09-24|2023-09-24
423|423|curso anterior|2023-03-01|2023-12-20|423|423|1|17|3|1|2023-09-24|2023-09-24
424|424|curso anterior|2023-03-01|2023-12-20|424|424|1|17|3|1|2023-09-24|2023-09-24
425|425|curso anterior|2023-03-01|2023-12-20|425|425|1|17|3|1|2023-09-24|2023-09-24
426|426|curso anterior|2023-03-01|2023-12-20|426|426|1|18|3|1|2023-09-24|2023-09-24
427|427|curso anterior|2023-03-01|2023-12-20|427|427|1|18|3|1|2023-09-24|2023-09-24
428|428|curso anterior|2023-03-01|2023-12-20|428|428|1|18|3|1|2023-09-24|2023-09-24
429|429|curso anterior|2023-03-01|2023-12-20|429|429|1|18|3|1|2023-09-24|2023-09-24
430|430|curso anterior|2023-03-01|2023-12-20|430|430|1|18|3|1|2023-09-24|2023-09-24
431|431|curso anterior|2023-03-01|2023-12-20|431|431|1|18|3|1|2023-09-24|2023-09-24
432|432|curso anterior|2023-03-01|2023-12-20|432|432|1|18|3|1|2023-09-24|2023-09-24
433|433|curso anterior|2023-03-01|2023-12-20|433|433|1|18|3|1|2023-09-24|2023-09-24
434|434|curso anterior|2023-03-01|2023-12-20|434|434|1|18|3|1|2023-09-24|2023-09-24
435|435|curso anterior|2023-03-01|2023-12-20|435|435|1|18|3|1|2023-09-24|2023-09-24
436|436|curso anterior|2023-03-01|2023-12-20|436|436|1|18|3|1|2023-09-24|2023-09-24
437|437|curso anterior|2023-03-01|2023-12-20|437|437|1|18|3|1|2023-09-24|2023-09-24
438|438|curso anterior|2023-03-01|2023-12-20|438|438|1|18|3|1|2023-09-24|2023-09-24
439|439|curso anterior|2023-03-01|2023-12-20|439|439|1|18|3|1|2023-09-24|2023-09-24
440|440|curso anterior|2023-03-01|2023-12-20|440|440|1|18|3|1|2023-09-24|2023-09-24
441|441|curso anterior|2023-03-01|2023-12-20|441|441|1|18|3|1|2023-09-24|2023-09-24
442|442|curso anterior|2023-03-01|2023-12-20|442|442|1|18|3|1|2023-09-24|2023-09-24
443|443|curso anterior|2023-03-01|2023-12-20|443|443|1|18|3|1|2023-09-24|2023-09-24
444|444|curso anterior|2023-03-01|2023-12-20|444|444|1|18|3|1|2023-09-24|2023-09-24
445|445|curso anterior|2023-03-01|2023-12-20|445|445|1|18|3|1|2023-09-24|2023-09-24
446|446|curso anterior|2023-03-01|2023-12-20|446|446|1|18|3|1|2023-09-24|2023-09-24
447|447|curso anterior|2023-03-01|2023-12-20|447|447|1|18|3|1|2023-09-24|2023-09-24
448|448|curso anterior|2023-03-01|2023-12-20|448|448|1|18|3|1|2023-09-24|2023-09-24
449|449|curso anterior|2023-03-01|2023-12-20|449|449|1|18|3|1|2023-09-24|2023-09-24
450|450|curso anterior|2023-03-01|2023-12-20|450|450|1|18|3|1|2023-09-24|2023-09-24
451|451|curso anterior|2023-03-01|2023-12-20|451|451|1|19|3|1|2023-09-24|2023-09-24
452|452|curso anterior|2023-03-01|2023-12-20|452|452|1|19|3|1|2023-09-24|2023-09-24
453|453|curso anterior|2023-03-01|2023-12-20|453|453|1|19|3|1|2023-09-24|2023-09-24
454|454|curso anterior|2023-03-01|2023-12-20|454|454|1|19|3|1|2023-09-24|2023-09-24
455|455|curso anterior|2023-03-01|2023-12-20|455|455|1|19|3|1|2023-09-24|2023-09-24
456|456|curso anterior|2023-03-01|2023-12-20|456|456|1|19|3|1|2023-09-24|2023-09-24
457|457|curso anterior|2023-03-01|2023-12-20|457|457|1|19|3|1|2023-09-24|2023-09-24
458|458|curso anterior|2023-03-01|2023-12-20|458|458|1|19|3|1|2023-09-24|2023-09-24
459|459|curso anterior|2023-03-01|2023-12-20|459|459|1|19|3|1|2023-09-24|2023-09-24
460|460|curso anterior|2023-03-01|2023-12-20|460|460|1|19|3|1|2023-09-24|2023-09-24
461|461|curso anterior|2023-03-01|2023-12-20|461|461|1|19|3|1|2023-09-24|2023-09-24
462|462|curso anterior|2023-03-01|2023-12-20|462|462|1|19|3|1|2023-09-24|2023-09-24
463|463|curso anterior|2023-03-01|2023-12-20|463|463|1|19|3|1|2023-09-24|2023-09-24
464|464|curso anterior|2023-03-01|2023-12-20|464|464|1|19|3|1|2023-09-24|2023-09-24
465|465|curso anterior|2023-03-01|2023-12-20|465|465|1|19|3|1|2023-09-24|2023-09-24
466|466|curso anterior|2023-03-01|2023-12-20|466|466|1|19|3|1|2023-09-24|2023-09-24
467|467|curso anterior|2023-03-01|2023-12-20|467|467|1|19|3|1|2023-09-24|2023-09-24
468|468|curso anterior|2023-03-01|2023-12-20|468|468|1|19|3|1|2023-09-24|2023-09-24
469|469|curso anterior|2023-03-01|2023-12-20|469|469|1|19|3|1|2023-09-24|2023-09-24
470|470|curso anterior|2023-03-01|2023-12-20|470|470|1|19|3|1|2023-09-24|2023-09-24
471|471|curso anterior|2023-03-01|2023-12-20|471|471|1|19|3|1|2023-09-24|2023-09-24
472|472|curso anterior|2023-03-01|2023-12-20|472|472|1|19|3|1|2023-09-24|2023-09-24
473|473|curso anterior|2023-03-01|2023-12-20|473|473|1|19|3|1|2023-09-24|2023-09-24
474|474|curso anterior|2023-03-01|2023-12-20|474|474|1|19|3|1|2023-09-24|2023-09-24
475|475|curso anterior|2023-03-01|2023-12-20|475|475|1|19|3|1|2023-09-24|2023-09-24
476|476|curso anterior|2023-03-01|2023-12-20|476|476|1|20|3|1|2023-09-24|2023-09-24
477|477|curso anterior|2023-03-01|2023-12-20|477|477|1|20|3|1|2023-09-24|2023-09-24
478|478|curso anterior|2023-03-01|2023-12-20|478|478|1|20|3|1|2023-09-24|2023-09-24
479|479|curso anterior|2023-03-01|2023-12-20|479|479|1|20|3|1|2023-09-24|2023-09-24
480|480|curso anterior|2023-03-01|2023-12-20|480|480|1|20|3|1|2023-09-24|2023-09-24
481|481|curso anterior|2023-03-01|2023-12-20|481|481|1|20|3|1|2023-09-24|2023-09-24
482|482|curso anterior|2023-03-01|2023-12-20|482|482|1|20|3|1|2023-09-24|2023-09-24
483|483|curso anterior|2023-03-01|2023-12-20|483|483|1|20|3|1|2023-09-24|2023-09-24
484|484|curso anterior|2023-03-01|2023-12-20|484|484|1|20|3|1|2023-09-24|2023-09-24
485|485|curso anterior|2023-03-01|2023-12-20|485|485|1|20|3|1|2023-09-24|2023-09-24
486|486|curso anterior|2023-03-01|2023-12-20|486|486|1|20|3|1|2023-09-24|2023-09-24
487|487|curso anterior|2023-03-01|2023-12-20|487|487|1|20|3|1|2023-09-24|2023-09-24
488|488|curso anterior|2023-03-01|2023-12-20|488|488|1|20|3|1|2023-09-24|2023-09-24
489|489|curso anterior|2023-03-01|2023-12-20|489|489|1|20|3|1|2023-09-24|2023-09-24
490|490|curso anterior|2023-03-01|2023-12-20|490|490|1|20|3|1|2023-09-24|2023-09-24
491|491|curso anterior|2023-03-01|2023-12-20|491|491|1|20|3|1|2023-09-24|2023-09-24
492|492|curso anterior|2023-03-01|2023-12-20|492|492|1|20|3|1|2023-09-24|2023-09-24
493|493|curso anterior|2023-03-01|2023-12-20|493|493|1|20|3|1|2023-09-24|2023-09-24
494|494|curso anterior|2023-03-01|2023-12-20|494|494|1|20|3|1|2023-09-24|2023-09-24
495|495|curso anterior|2023-03-01|2023-12-20|495|495|1|20|3|1|2023-09-24|2023-09-24
496|496|curso anterior|2023-03-01|2023-12-20|496|496|1|20|3|1|2023-09-24|2023-09-24
497|497|curso anterior|2023-03-01|2023-12-20|497|497|1|20|3|1|2023-09-24|2023-09-24
498|498|curso anterior|2023-03-01|2023-12-20|498|498|1|20|3|1|2023-09-24|2023-09-24
499|499|curso anterior|2023-03-01|2023-12-20|499|499|1|20|3|1|2023-09-24|2023-09-24
500|500|curso anterior|2023-03-01|2023-12-20|500|500|1|20|3|1|2023-09-24|2023-09-24
501|501|curso anterior|2023-03-01|2023-12-20|501|501|1|21|3|1|2023-09-24|2023-09-24
502|502|curso anterior|2023-03-01|2023-12-20|502|502|1|21|3|1|2023-09-24|2023-09-24
503|503|curso anterior|2023-03-01|2023-12-20|503|503|1|21|3|1|2023-09-24|2023-09-24
504|504|curso anterior|2023-03-01|2023-12-20|504|504|1|21|3|1|2023-09-24|2023-09-24
505|505|curso anterior|2023-03-01|2023-12-20|505|505|1|21|3|1|2023-09-24|2023-09-24
506|506|curso anterior|2023-03-01|2023-12-20|506|506|1|21|3|1|2023-09-24|2023-09-24
507|507|curso anterior|2023-03-01|2023-12-20|507|507|1|21|3|1|2023-09-24|2023-09-24
508|508|curso anterior|2023-03-01|2023-12-20|508|508|1|21|3|1|2023-09-24|2023-09-24
509|509|curso anterior|2023-03-01|2023-12-20|509|509|1|21|3|1|2023-09-24|2023-09-24
510|510|curso anterior|2023-03-01|2023-12-20|510|510|1|21|3|1|2023-09-24|2023-09-24
511|511|curso anterior|2023-03-01|2023-12-20|511|511|1|21|3|1|2023-09-24|2023-09-24
512|512|curso anterior|2023-03-01|2023-12-20|512|512|1|21|3|1|2023-09-24|2023-09-24
513|513|curso anterior|2023-03-01|2023-12-20|513|513|1|21|3|1|2023-09-24|2023-09-24
514|514|curso anterior|2023-03-01|2023-12-20|514|514|1|21|3|1|2023-09-24|2023-09-24
515|515|curso anterior|2023-03-01|2023-12-20|515|515|1|21|3|1|2023-09-24|2023-09-24
516|516|curso anterior|2023-03-01|2023-12-20|516|516|1|21|3|1|2023-09-24|2023-09-24
517|517|curso anterior|2023-03-01|2023-12-20|517|517|1|21|3|1|2023-09-24|2023-09-24
518|518|curso anterior|2023-03-01|2023-12-20|518|518|1|21|3|1|2023-09-24|2023-09-24
519|519|curso anterior|2023-03-01|2023-12-20|519|519|1|21|3|1|2023-09-24|2023-09-24
520|520|curso anterior|2023-03-01|2023-12-20|520|520|1|21|3|1|2023-09-24|2023-09-24
521|521|curso anterior|2023-03-01|2023-12-20|521|521|1|21|3|1|2023-09-24|2023-09-24
522|522|curso anterior|2023-03-01|2023-12-20|522|522|1|21|3|1|2023-09-24|2023-09-24
523|523|curso anterior|2023-03-01|2023-12-20|523|523|1|21|3|1|2023-09-24|2023-09-24
524|524|curso anterior|2023-03-01|2023-12-20|524|524|1|21|3|1|2023-09-24|2023-09-24
525|525|curso anterior|2023-03-01|2023-12-20|525|525|1|21|3|1|2023-09-24|2023-09-24
526|526|curso anterior|2023-03-01|2023-12-20|526|526|1|22|3|1|2023-09-24|2023-09-24
527|527|curso anterior|2023-03-01|2023-12-20|527|527|1|22|3|1|2023-09-24|2023-09-24
528|528|curso anterior|2023-03-01|2023-12-20|528|528|1|22|3|1|2023-09-24|2023-09-24
529|529|curso anterior|2023-03-01|2023-12-20|529|529|1|22|3|1|2023-09-24|2023-09-24
530|530|curso anterior|2023-03-01|2023-12-20|530|530|1|22|3|1|2023-09-24|2023-09-24
531|531|curso anterior|2023-03-01|2023-12-20|531|531|1|22|3|1|2023-09-24|2023-09-24
532|532|curso anterior|2023-03-01|2023-12-20|532|532|1|22|3|1|2023-09-24|2023-09-24
533|533|curso anterior|2023-03-01|2023-12-20|533|533|1|22|3|1|2023-09-24|2023-09-24
534|534|curso anterior|2023-03-01|2023-12-20|534|534|1|22|3|1|2023-09-24|2023-09-24
535|535|curso anterior|2023-03-01|2023-12-20|535|535|1|22|3|1|2023-09-24|2023-09-24
536|536|curso anterior|2023-03-01|2023-12-20|536|536|1|22|3|1|2023-09-24|2023-09-24
537|537|curso anterior|2023-03-01|2023-12-20|537|537|1|22|3|1|2023-09-24|2023-09-24
538|538|curso anterior|2023-03-01|2023-12-20|538|538|1|22|3|1|2023-09-24|2023-09-24
539|539|curso anterior|2023-03-01|2023-12-20|539|539|1|22|3|1|2023-09-24|2023-09-24
540|540|curso anterior|2023-03-01|2023-12-20|540|540|1|22|3|1|2023-09-24|2023-09-24
541|541|curso anterior|2023-03-01|2023-12-20|541|541|1|22|3|1|2023-09-24|2023-09-24
542|542|curso anterior|2023-03-01|2023-12-20|542|542|1|22|3|1|2023-09-24|2023-09-24
543|543|curso anterior|2023-03-01|2023-12-20|543|543|1|22|3|1|2023-09-24|2023-09-24
544|544|curso anterior|2023-03-01|2023-12-20|544|544|1|22|3|1|2023-09-24|2023-09-24
545|545|curso anterior|2023-03-01|2023-12-20|545|545|1|22|3|1|2023-09-24|2023-09-24
546|546|curso anterior|2023-03-01|2023-12-20|546|546|1|22|3|1|2023-09-24|2023-09-24
547|547|curso anterior|2023-03-01|2023-12-20|547|547|1|22|3|1|2023-09-24|2023-09-24
548|548|curso anterior|2023-03-01|2023-12-20|548|548|1|22|3|1|2023-09-24|2023-09-24
549|549|curso anterior|2023-03-01|2023-12-20|549|549|1|22|3|1|2023-09-24|2023-09-24
550|550|curso anterior|2023-03-01|2023-12-20|550|550|1|22|3|1|2023-09-24|2023-09-24
551|551|curso anterior|2023-03-01|2023-12-20|551|551|1|23|3|1|2023-09-24|2023-09-24
552|552|curso anterior|2023-03-01|2023-12-20|552|552|1|23|3|1|2023-09-24|2023-09-24
553|553|curso anterior|2023-03-01|2023-12-20|553|553|1|23|3|1|2023-09-24|2023-09-24
554|554|curso anterior|2023-03-01|2023-12-20|554|554|1|23|3|1|2023-09-24|2023-09-24
555|555|curso anterior|2023-03-01|2023-12-20|555|555|1|23|3|1|2023-09-24|2023-09-24
556|556|curso anterior|2023-03-01|2023-12-20|556|556|1|23|3|1|2023-09-24|2023-09-24
557|557|curso anterior|2023-03-01|2023-12-20|557|557|1|23|3|1|2023-09-24|2023-09-24
558|558|curso anterior|2023-03-01|2023-12-20|558|558|1|23|3|1|2023-09-24|2023-09-24
559|559|curso anterior|2023-03-01|2023-12-20|559|559|1|23|3|1|2023-09-24|2023-09-24
560|560|curso anterior|2023-03-01|2023-12-20|560|560|1|23|3|1|2023-09-24|2023-09-24
561|561|curso anterior|2023-03-01|2023-12-20|561|561|1|23|3|1|2023-09-24|2023-09-24
562|562|curso anterior|2023-03-01|2023-12-20|562|562|1|23|3|1|2023-09-24|2023-09-24
563|563|curso anterior|2023-03-01|2023-12-20|563|563|1|23|3|1|2023-09-24|2023-09-24
564|564|curso anterior|2023-03-01|2023-12-20|564|564|1|23|3|1|2023-09-24|2023-09-24
565|565|curso anterior|2023-03-01|2023-12-20|565|565|1|23|3|1|2023-09-24|2023-09-24
566|566|curso anterior|2023-03-01|2023-12-20|566|566|1|23|3|1|2023-09-24|2023-09-24
567|567|curso anterior|2023-03-01|2023-12-20|567|567|1|23|3|1|2023-09-24|2023-09-24
568|568|curso anterior|2023-03-01|2023-12-20|568|568|1|23|3|1|2023-09-24|2023-09-24
569|569|curso anterior|2023-03-01|2023-12-20|569|569|1|23|3|1|2023-09-24|2023-09-24
570|570|curso anterior|2023-03-01|2023-12-20|570|570|1|23|3|1|2023-09-24|2023-09-24
571|571|curso anterior|2023-03-01|2023-12-20|571|571|1|23|3|1|2023-09-24|2023-09-24
572|572|curso anterior|2023-03-01|2023-12-20|572|572|1|23|3|1|2023-09-24|2023-09-24
573|573|curso anterior|2023-03-01|2023-12-20|573|573|1|23|3|1|2023-09-24|2023-09-24
574|574|curso anterior|2023-03-01|2023-12-20|574|574|1|23|3|1|2023-09-24|2023-09-24
575|575|curso anterior|2023-03-01|2023-12-20|575|575|1|23|3|1|2023-09-24|2023-09-24
576|576|curso anterior|2023-03-01|2023-12-20|576|576|1|24|3|1|2023-09-24|2023-09-24
577|577|curso anterior|2023-03-01|2023-12-20|577|577|1|24|3|1|2023-09-24|2023-09-24
578|578|curso anterior|2023-03-01|2023-12-20|578|578|1|24|3|1|2023-09-24|2023-09-24
579|579|curso anterior|2023-03-01|2023-12-20|579|579|1|24|3|1|2023-09-24|2023-09-24
580|580|curso anterior|2023-03-01|2023-12-20|580|580|1|24|3|1|2023-09-24|2023-09-24
581|581|curso anterior|2023-03-01|2023-12-20|581|581|1|24|3|1|2023-09-24|2023-09-24
582|582|curso anterior|2023-03-01|2023-12-20|582|582|1|24|3|1|2023-09-24|2023-09-24
583|583|curso anterior|2023-03-01|2023-12-20|583|583|1|24|3|1|2023-09-24|2023-09-24
584|584|curso anterior|2023-03-01|2023-12-20|584|584|1|24|3|1|2023-09-24|2023-09-24
585|585|curso anterior|2023-03-01|2023-12-20|585|585|1|24|3|1|2023-09-24|2023-09-24
586|586|curso anterior|2023-03-01|2023-12-20|586|586|1|24|3|1|2023-09-24|2023-09-24
587|587|curso anterior|2023-03-01|2023-12-20|587|587|1|24|3|1|2023-09-24|2023-09-24
588|588|curso anterior|2023-03-01|2023-12-20|588|588|1|24|3|1|2023-09-24|2023-09-24
589|589|curso anterior|2023-03-01|2023-12-20|589|589|1|24|3|1|2023-09-24|2023-09-24
590|590|curso anterior|2023-03-01|2023-12-20|590|590|1|24|3|1|2023-09-24|2023-09-24
591|591|curso anterior|2023-03-01|2023-12-20|591|591|1|24|3|1|2023-09-24|2023-09-24
592|592|curso anterior|2023-03-01|2023-12-20|592|592|1|24|3|1|2023-09-24|2023-09-24
593|593|curso anterior|2023-03-01|2023-12-20|593|593|1|24|3|1|2023-09-24|2023-09-24
594|594|curso anterior|2023-03-01|2023-12-20|594|594|1|24|3|1|2023-09-24|2023-09-24
595|595|curso anterior|2023-03-01|2023-12-20|595|595|1|24|3|1|2023-09-24|2023-09-24
596|596|curso anterior|2023-03-01|2023-12-20|596|596|1|24|3|1|2023-09-24|2023-09-24
597|597|curso anterior|2023-03-01|2023-12-20|597|597|1|24|3|1|2023-09-24|2023-09-24
598|598|curso anterior|2023-03-01|2023-12-20|598|598|1|24|3|1|2023-09-24|2023-09-24
599|599|curso anterior|2023-03-01|2023-12-20|599|599|1|24|3|1|2023-09-24|2023-09-24
600|600|curso anterior|2023-03-01|2023-12-20|600|600|1|24|3|1|2023-09-24|2023-09-24