id|nota|matriculaId|evaluacionId|colegioId|cursoId|annoId|periodoId|profesorId|asignaturaprofesorId|createdAt|updatedAt
1|2.9|451|1|1|19|4|1|1|1|2023-09-24|2023-09-24
2|7|452|1|1|19|4|1|1|1|2023-09-24|2023-09-24
3|3.9|453|1|1|19|4|1|1|1|2023-09-24|2023-09-24
4|5.3|454|1|1|19|4|1|1|1|2023-09-24|2023-09-24
5|3.7|455|1|1|19|4|1|1|1|2023-09-24|2023-09-24
6|6.5|456|1|1|19|4|1|1|1|2023-09-24|2023-09-24
7|6.1|457|1|1|19|4|1|1|1|2023-09-24|2023-09-24
8|4|458|1|1|19|4|1|1|1|2023-09-24|2023-09-24
9|3.4|459|1|1|19|4|1|1|1|2023-09-24|2023-09-24
10|6.4|460|1|1|19|4|1|1|1|2023-09-24|2023-09-24
11|3.6|461|1|1|19|4|1|1|1|2023-09-24|2023-09-24
12|1.2|462|1|1|19|4|1|1|1|2023-09-24|2023-09-24
13|7|463|1|1|19|4|1|1|1|2023-09-24|2023-09-24
14|3.8|464|1|1|19|4|1|1|1|2023-09-24|2023-09-24
15|6.8|465|1|1|19|4|1|1|1|2023-09-24|2023-09-24
16|4.8|466|1|1|19|4|1|1|1|2023-09-24|2023-09-24
17|4.6|467|1|1|19|4|1|1|1|2023-09-24|2023-09-24
18|4.5|468|1|1|19|4|1|1|1|2023-09-24|2023-09-24
19|5.2|469|1|1|19|4|1|1|1|2023-09-24|2023-09-24
20|2.6|470|1|1|19|4|1|1|1|2023-09-24|2023-09-24
21|5.4|471|1|1|19|4|1|1|1|2023-09-24|2023-09-24
22|7|472|1|1|19|4|1|1|1|2023-09-24|2023-09-24
23|6.6|473|1|1|19|4|1|1|1|2023-09-24|2023-09-24
24|3.9|474|1|1|19|4|1|1|1|2023-09-24|2023-09-24
25|5.7|475|1|1|19|4|1|1|1|2023-09-24|2023-09-24
26|6.2|451|2|1|19|4|1|1|1|2023-09-24|2023-09-24
27|4.8|452|2|1|19|4|1|1|1|2023-09-24|2023-09-24
28|4.1|453|2|1|19|4|1|1|1|2023-09-24|2023-09-24
29|5.9|454|2|1|19|4|1|1|1|2023-09-24|2023-09-24
30|5.5|455|2|1|19|4|1|1|1|2023-09-24|2023-09-24
31|6.1|456|2|1|19|4|1|1|1|2023-09-24|2023-09-24
32|3.6|457|2|1|19|4|1|1|1|2023-09-24|2023-09-24
33|3.5|458|2|1|19|4|1|1|1|2023-09-24|2023-09-24
34|3.2|459|2|1|19|4|1|1|1|2023-09-24|2023-09-24
35|5.9|460|2|1|19|4|1|1|1|2023-09-24|2023-09-24
36|4.1|461|2|1|19|4|1|1|1|2023-09-24|2023-09-24
37|1.4|462|2|1|19|4|1|1|1|2023-09-24|2023-09-24
38|3.6|463|2|1|19|4|1|1|1|2023-09-24|2023-09-24
39|3.8|464|2|1|19|4|1|1|1|2023-09-24|2023-09-24
40|3.7|465|2|1|19|4|1|1|1|2023-09-24|2023-09-24
41|3.2|466|2|1|19|4|1|1|1|2023-09-24|2023-09-24
42|6.2|467|2|1|19|4|1|1|1|2023-09-24|2023-09-24
43|7|468|2|1|19|4|1|1|1|2023-09-24|2023-09-24
44|6.2|469|2|1|19|4|1|1|1|2023-09-24|2023-09-24
45|4|470|2|1|19|4|1|1|1|2023-09-24|2023-09-24
46|4.7|471|2|1|19|4|1|1|1|2023-09-24|2023-09-24
47|1.7|472|2|1|19|4|1|1|1|2023-09-24|2023-09-24
48|4.3|473|2|1|19|4|1|1|1|2023-09-24|2023-09-24
49|4.8|474|2|1|19|4|1|1|1|2023-09-24|2023-09-24
50|3.2|475|2|1|19|4|1|1|1|2023-09-24|2023-09-24
51|3|451|3|1|19|4|1|1|1|2023-09-24|2023-09-24
52|4.6|452|3|1|19|4|1|1|1|2023-09-24|2023-09-24
53|4.2|453|3|1|19|4|1|1|1|2023-09-24|2023-09-24
54|5.3|454|3|1|19|4|1|1|1|2023-09-24|2023-09-24
55|6.2|455|3|1|19|4|1|1|1|2023-09-24|2023-09-24
56|6.4|456|3|1|19|4|1|1|1|2023-09-24|2023-09-24
57|5.1|457|3|1|19|4|1|1|1|2023-09-24|2023-09-24
58|2.7|458|3|1|19|4|1|1|1|2023-09-24|2023-09-24
59|5.2|459|3|1|19|4|1|1|1|2023-09-24|2023-09-24
60|3.3|460|3|1|19|4|1|1|1|2023-09-24|2023-09-24
61|5.1|461|3|1|19|4|1|1|1|2023-09-24|2023-09-24
62|3.1|462|3|1|19|4|1|1|1|2023-09-24|2023-09-24
63|3.2|463|3|1|19|4|1|1|1|2023-09-24|2023-09-24
64|2.4|464|3|1|19|4|1|1|1|2023-09-24|2023-09-24
65|5.6|465|3|1|19|4|1|1|1|2023-09-24|2023-09-24
66|3.5|466|3|1|19|4|1|1|1|2023-09-24|2023-09-24
67|6.2|467|3|1|19|4|1|1|1|2023-09-24|2023-09-24
68|3.3|468|3|1|19|4|1|1|1|2023-09-24|2023-09-24
69|4.7|469|3|1|19|4|1|1|1|2023-09-24|2023-09-24
70|3|470|3|1|19|4|1|1|1|2023-09-24|2023-09-24
71|6.7|471|3|1|19|4|1|1|1|2023-09-24|2023-09-24
72|2.5|472|3|1|19|4|1|1|1|2023-09-24|2023-09-24
73|4.3|473|3|1|19|4|1|1|1|2023-09-24|2023-09-24
74|3.2|474|3|1|19|4|1|1|1|2023-09-24|2023-09-24
75|6|475|3|1|19|4|1|1|1|2023-09-24|2023-09-24
76|5.6|451|4|1|19|4|1|1|1|2023-09-24|2023-09-24
77|3|452|4|1|19|4|1|1|1|2023-09-24|2023-09-24
78|5.5|453|4|1|19|4|1|1|1|2023-09-24|2023-09-24
79|4.5|454|4|1|19|4|1|1|1|2023-09-24|2023-09-24
80|6.6|455|4|1|19|4|1|1|1|2023-09-24|2023-09-24
81|3.7|456|4|1|19|4|1|1|1|2023-09-24|2023-09-24
82|6|457|4|1|19|4|1|1|1|2023-09-24|2023-09-24
83|3.1|458|4|1|19|4|1|1|1|2023-09-24|2023-09-24
84|2.4|459|4|1|19|4|1|1|1|2023-09-24|2023-09-24
85|4.3|460|4|1|19|4|1|1|1|2023-09-24|2023-09-24
86|5.5|461|4|1|19|4|1|1|1|2023-09-24|2023-09-24
87|6.9|462|4|1|19|4|1|1|1|2023-09-24|2023-09-24
88|4.1|463|4|1|19|4|1|1|1|2023-09-24|2023-09-24
89|5.3|464|4|1|19|4|1|1|1|2023-09-24|2023-09-24
90|6.6|465|4|1|19|4|1|1|1|2023-09-24|2023-09-24
91|2.9|466|4|1|19|4|1|1|1|2023-09-24|2023-09-24
92|4.5|467|4|1|19|4|1|1|1|2023-09-24|2023-09-24
93|4.7|468|4|1|19|4|1|1|1|2023-09-24|2023-09-24
94|5.1|469|4|1|19|4|1|1|1|2023-09-24|2023-09-24
95|4.4|470|4|1|19|4|1|1|1|2023-09-24|2023-09-24
96|5.1|471|4|1|19|4|1|1|1|2023-09-24|2023-09-24
97|2.5|472|4|1|19|4|1|1|1|2023-09-24|2023-09-24
98|5.2|473|4|1|19|4|1|1|1|2023-09-24|2023-09-24
99|3.9|474|4|1|19|4|1|1|1|2023-09-24|2023-09-24
100|4.4|475|4|1|19|4|1|1|1|2023-09-24|2023-09-24
101|4.6|451|5|1|19|4|1|2|2|2023-09-24|2023-09-24
102|5.7|452|5|1|19|4|1|2|2|2023-09-24|2023-09-24
103|3.9|453|5|1|19|4|1|2|2|2023-09-24|2023-09-24
104|5.1|454|5|1|19|4|1|2|2|2023-09-24|2023-09-24
105|4.1|455|5|1|19|4|1|2|2|2023-09-24|2023-09-24
106|6.8|456|5|1|19|4|1|2|2|2023-09-24|2023-09-24
107|5.7|457|5|1|19|4|1|2|2|2023-09-24|2023-09-24
108|3.9|458|5|1|19|4|1|2|2|2023-09-24|2023-09-24
109|3.1|459|5|1|19|4|1|2|2|2023-09-24|2023-09-24
110|6.6|460|5|1|19|4|1|2|2|2023-09-24|2023-09-24
111|4.4|461|5|1|19|4|1|2|2|2023-09-24|2023-09-24
112|2.9|462|5|1|19|4|1|2|2|2023-09-24|2023-09-24
113|7|463|5|1|19|4|1|2|2|2023-09-24|2023-09-24
114|3.9|464|5|1|19|4|1|2|2|2023-09-24|2023-09-24
115|6.8|465|5|1|19|4|1|2|2|2023-09-24|2023-09-24
116|5.4|466|5|1|19|4|1|2|2|2023-09-24|2023-09-24
117|5.4|467|5|1|19|4|1|2|2|2023-09-24|2023-09-24
118|4.1|468|5|1|19|4|1|2|2|2023-09-24|2023-09-24
119|3.6|469|5|1|19|4|1|2|2|2023-09-24|2023-09-24
120|3.2|470|5|1|19|4|1|2|2|2023-09-24|2023-09-24
121|5|471|5|1|19|4|1|2|2|2023-09-24|2023-09-24
122|7|472|5|1|19|4|1|2|2|2023-09-24|2023-09-24
123|7|473|5|1|19|4|1|2|2|2023-09-24|2023-09-24
124|3.8|474|5|1|19|4|1|2|2|2023-09-24|2023-09-24
125|4.8|475|5|1|19|4|1|2|2|2023-09-24|2023-09-24
126|6.5|451|6|1|19|4|1|2|2|2023-09-24|2023-09-24
127|4|452|6|1|19|4|1|2|2|2023-09-24|2023-09-24
128|3.6|453|6|1|19|4|1|2|2|2023-09-24|2023-09-24
129|5.8|454|6|1|19|4|1|2|2|2023-09-24|2023-09-24
130|6.5|455|6|1|19|4|1|2|2|2023-09-24|2023-09-24
131|6.5|456|6|1|19|4|1|2|2|2023-09-24|2023-09-24
132|4.5|457|6|1|19|4|1|2|2|2023-09-24|2023-09-24
133|4.2|458|6|1|19|4|1|2|2|2023-09-24|2023-09-24
134|3.5|459|6|1|19|4|1|2|2|2023-09-24|2023-09-24
135|6.4|460|6|1|19|4|1|2|2|2023-09-24|2023-09-24
136|4|461|6|1|19|4|1|2|2|2023-09-24|2023-09-24
137|2.7|462|6|1|19|4|1|2|2|2023-09-24|2023-09-24
138|3.4|463|6|1|19|4|1|2|2|2023-09-24|2023-09-24
139|4|464|6|1|19|4|1|2|2|2023-09-24|2023-09-24
140|3.5|465|6|1|19|4|1|2|2|2023-09-24|2023-09-24
141|1.9|466|6|1|19|4|1|2|2|2023-09-24|2023-09-24
142|5.6|467|6|1|19|4|1|2|2|2023-09-24|2023-09-24
143|5.8|468|6|1|19|4|1|2|2|2023-09-24|2023-09-24
144|5.8|469|6|1|19|4|1|2|2|2023-09-24|2023-09-24
145|4.3|470|6|1|19|4|1|2|2|2023-09-24|2023-09-24
146|3.7|471|6|1|19|4|1|2|2|2023-09-24|2023-09-24
147|2.3|472|6|1|19|4|1|2|2|2023-09-24|2023-09-24
148|5.3|473|6|1|19|4|1|2|2|2023-09-24|2023-09-24
149|3.5|474|6|1|19|4|1|2|2|2023-09-24|2023-09-24
150|3.2|475|6|1|19|4|1|2|2|2023-09-24|2023-09-24
151|2.6|451|7|1|19|4|1|2|2|2023-09-24|2023-09-24
152|4.5|452|7|1|19|4|1|2|2|2023-09-24|2023-09-24
153|3.1|453|7|1|19|4|1|2|2|2023-09-24|2023-09-24
154|3.7|454|7|1|19|4|1|2|2|2023-09-24|2023-09-24
155|4.9|455|7|1|19|4|1|2|2|2023-09-24|2023-09-24
156|5.7|456|7|1|19|4|1|2|2|2023-09-24|2023-09-24
157|5.3|457|7|1|19|4|1|2|2|2023-09-24|2023-09-24
158|2.1|458|7|1|19|4|1|2|2|2023-09-24|2023-09-24
159|4.1|459|7|1|19|4|1|2|2|2023-09-24|2023-09-24
160|3.5|460|7|1|19|4|1|2|2|2023-09-24|2023-09-24
161|6.8|461|7|1|19|4|1|2|2|2023-09-24|2023-09-24
162|3.4|462|7|1|19|4|1|2|2|2023-09-24|2023-09-24
163|2.4|463|7|1|19|4|1|2|2|2023-09-24|2023-09-24
164|2.7|464|7|1|19|4|1|2|2|2023-09-24|2023-09-24
165|6.2|465|7|1|19|4|1|2|2|2023-09-24|2023-09-24
166|2.6|466|7|1|19|4|1|2|2|2023-09-24|2023-09-24
167|4.6|467|7|1|19|4|1|2|2|2023-09-24|2023-09-24
168|2.6|468|7|1|19|4|1|2|2|2023-09-24|2023-09-24
169|4.6|469|7|1|19|4|1|2|2|2023-09-24|2023-09-24
170|2.4|470|7|1|19|4|1|2|2|2023-09-24|2023-09-24
171|7|471|7|1|19|4|1|2|2|2023-09-24|2023-09-24
172|2.7|472|7|1|19|4|1|2|2|2023-09-24|2023-09-24
173|5.2|473|7|1|19|4|1|2|2|2023-09-24|2023-09-24
174|3.2|474|7|1|19|4|1|2|2|2023-09-24|2023-09-24
175|7|475|7|1|19|4|1|2|2|2023-09-24|2023-09-24
176|4.1|451|8|1|19|4|1|2|2|2023-09-24|2023-09-24
177|2.6|452|8|1|19|4|1|2|2|2023-09-24|2023-09-24
178|5.5|453|8|1|19|4|1|2|2|2023-09-24|2023-09-24
179|4.5|454|8|1|19|4|1|2|2|2023-09-24|2023-09-24
180|5|455|8|1|19|4|1|2|2|2023-09-24|2023-09-24
181|3|456|8|1|19|4|1|2|2|2023-09-24|2023-09-24
182|5.7|457|8|1|19|4|1|2|2|2023-09-24|2023-09-24
183|2.9|458|8|1|19|4|1|2|2|2023-09-24|2023-09-24
184|2.7|459|8|1|19|4|1|2|2|2023-09-24|2023-09-24
185|3.5|460|8|1|19|4|1|2|2|2023-09-24|2023-09-24
186|5.6|461|8|1|19|4|1|2|2|2023-09-24|2023-09-24
187|6.6|462|8|1|19|4|1|2|2|2023-09-24|2023-09-24
188|3.8|463|8|1|19|4|1|2|2|2023-09-24|2023-09-24
189|4.5|464|8|1|19|4|1|2|2|2023-09-24|2023-09-24
190|7|465|8|1|19|4|1|2|2|2023-09-24|2023-09-24
191|1.8|466|8|1|19|4|1|2|2|2023-09-24|2023-09-24
192|4.9|467|8|1|19|4|1|2|2|2023-09-24|2023-09-24
193|6.3|468|8|1|19|4|1|2|2|2023-09-24|2023-09-24
194|5.4|469|8|1|19|4|1|2|2|2023-09-24|2023-09-24
195|3.9|470|8|1|19|4|1|2|2|2023-09-24|2023-09-24
196|4.8|471|8|1|19|4|1|2|2|2023-09-24|2023-09-24
197|3.3|472|8|1|19|4|1|2|2|2023-09-24|2023-09-24
198|5.3|473|8|1|19|4|1|2|2|2023-09-24|2023-09-24
199|5.3|474|8|1|19|4|1|2|2|2023-09-24|2023-09-24
200|5.2|475|8|1|19|4|1|2|2|2023-09-24|2023-09-24
201|3.2|451|9|1|19|4|1|3|3|2023-09-24|2023-09-24
202|6.5|452|9|1|19|4|1|3|3|2023-09-24|2023-09-24
203|4.3|453|9|1|19|4|1|3|3|2023-09-24|2023-09-24
204|4.4|454|9|1|19|4|1|3|3|2023-09-24|2023-09-24
205|3.8|455|9|1|19|4|1|3|3|2023-09-24|2023-09-24
206|5.4|456|9|1|19|4|1|3|3|2023-09-24|2023-09-24
207|4.7|457|9|1|19|4|1|3|3|2023-09-24|2023-09-24
208|4.5|458|9|1|19|4|1|3|3|2023-09-24|2023-09-24
209|3.6|459|9|1|19|4|1|3|3|2023-09-24|2023-09-24
210|5.4|460|9|1|19|4|1|3|3|2023-09-24|2023-09-24
211|4|461|9|1|19|4|1|3|3|2023-09-24|2023-09-24
212|2.6|462|9|1|19|4|1|3|3|2023-09-24|2023-09-24
213|6.5|463|9|1|19|4|1|3|3|2023-09-24|2023-09-24
214|3.1|464|9|1|19|4|1|3|3|2023-09-24|2023-09-24
215|6.9|465|9|1|19|4|1|3|3|2023-09-24|2023-09-24
216|5.8|466|9|1|19|4|1|3|3|2023-09-24|2023-09-24
217|4.9|467|9|1|19|4|1|3|3|2023-09-24|2023-09-24
218|4.6|468|9|1|19|4|1|3|3|2023-09-24|2023-09-24
219|4.7|469|9|1|19|4|1|3|3|2023-09-24|2023-09-24
220|4.1|470|9|1|19|4|1|3|3|2023-09-24|2023-09-24
221|4.5|471|9|1|19|4|1|3|3|2023-09-24|2023-09-24
222|7|472|9|1|19|4|1|3|3|2023-09-24|2023-09-24
223|6.3|473|9|1|19|4|1|3|3|2023-09-24|2023-09-24
224|4.3|474|9|1|19|4|1|3|3|2023-09-24|2023-09-24
225|4.8|475|9|1|19|4|1|3|3|2023-09-24|2023-09-24
226|6.1|451|10|1|19|4|1|3|3|2023-09-24|2023-09-24
227|3.9|452|10|1|19|4|1|3|3|2023-09-24|2023-09-24
228|4.6|453|10|1|19|4|1|3|3|2023-09-24|2023-09-24
229|7|454|10|1|19|4|1|3|3|2023-09-24|2023-09-24
230|5.2|455|10|1|19|4|1|3|3|2023-09-24|2023-09-24
231|7|456|10|1|19|4|1|3|3|2023-09-24|2023-09-24
232|4.1|457|10|1|19|4|1|3|3|2023-09-24|2023-09-24
233|4.5|458|10|1|19|4|1|3|3|2023-09-24|2023-09-24
234|4.2|459|10|1|19|4|1|3|3|2023-09-24|2023-09-24
235|6|460|10|1|19|4|1|3|3|2023-09-24|2023-09-24
236|3.7|461|10|1|19|4|1|3|3|2023-09-24|2023-09-24
237|2.1|462|10|1|19|4|1|3|3|2023-09-24|2023-09-24
238|3.2|463|10|1|19|4|1|3|3|2023-09-24|2023-09-24
239|4.1|464|10|1|19|4|1|3|3|2023-09-24|2023-09-24
240|4.2|465|10|1|19|4|1|3|3|2023-09-24|2023-09-24
241|1.8|466|10|1|19|4|1|3|3|2023-09-24|2023-09-24
242|4.9|467|10|1|19|4|1|3|3|2023-09-24|2023-09-24
243|6.3|468|10|1|19|4|1|3|3|2023-09-24|2023-09-24
244|6.9|469|10|1|19|4|1|3|3|2023-09-24|2023-09-24
245|4.9|470|10|1|19|4|1|3|3|2023-09-24|2023-09-24
246|3.4|471|10|1|19|4|1|3|3|2023-09-24|2023-09-24
247|1.7|472|10|1|19|4|1|3|3|2023-09-24|2023-09-24
248|4.8|473|10|1|19|4|1|3|3|2023-09-24|2023-09-24
249|4.7|474|10|1|19|4|1|3|3|2023-09-24|2023-09-24
250|3.6|475|10|1|19|4|1|3|3|2023-09-24|2023-09-24
251|2.5|451|11|1|19|4|1|3|3|2023-09-24|2023-09-24
252|5.3|452|11|1|19|4|1|3|3|2023-09-24|2023-09-24
253|3.8|453|11|1|19|4|1|3|3|2023-09-24|2023-09-24
254|4.8|454|11|1|19|4|1|3|3|2023-09-24|2023-09-24
255|6.3|455|11|1|19|4|1|3|3|2023-09-24|2023-09-24
256|7|456|11|1|19|4|1|3|3|2023-09-24|2023-09-24
257|4|457|11|1|19|4|1|3|3|2023-09-24|2023-09-24
258|3|458|11|1|19|4|1|3|3|2023-09-24|2023-09-24
259|3.3|459|11|1|19|4|1|3|3|2023-09-24|2023-09-24
260|2.6|460|11|1|19|4|1|3|3|2023-09-24|2023-09-24
261|6.4|461|11|1|19|4|1|3|3|2023-09-24|2023-09-24
262|4.2|462|11|1|19|4|1|3|3|2023-09-24|2023-09-24
263|2.3|463|11|1|19|4|1|3|3|2023-09-24|2023-09-24
264|2.5|464|11|1|19|4|1|3|3|2023-09-24|2023-09-24
265|5.7|465|11|1|19|4|1|3|3|2023-09-24|2023-09-24
266|2.6|466|11|1|19|4|1|3|3|2023-09-24|2023-09-24
267|5.5|467|11|1|19|4|1|3|3|2023-09-24|2023-09-24
268|2|468|11|1|19|4|1|3|3|2023-09-24|2023-09-24
269|4.1|469|11|1|19|4|1|3|3|2023-09-24|2023-09-24
270|2.9|470|11|1|19|4|1|3|3|2023-09-24|2023-09-24
271|7|471|11|1|19|4|1|3|3|2023-09-24|2023-09-24
272|3.4|472|11|1|19|4|1|3|3|2023-09-24|2023-09-24
273|4.6|473|11|1|19|4|1|3|3|2023-09-24|2023-09-24
274|1.8|474|11|1|19|4|1|3|3|2023-09-24|2023-09-24
275|6.3|475|11|1|19|4|1|3|3|2023-09-24|2023-09-24
276|4.8|451|12|1|19|4|1|3|3|2023-09-24|2023-09-24
277|2.3|452|12|1|19|4|1|3|3|2023-09-24|2023-09-24
278|4.8|453|12|1|19|4|1|3|3|2023-09-24|2023-09-24
279|3.9|454|12|1|19|4|1|3|3|2023-09-24|2023-09-24
280|5|455|12|1|19|4|1|3|3|2023-09-24|2023-09-24
281|2.5|456|12|1|19|4|1|3|3|2023-09-24|2023-09-24
282|5.6|457|12|1|19|4|1|3|3|2023-09-24|2023-09-24
283|3.3|458|12|1|19|4|1|3|3|2023-09-24|2023-09-24
284|2|459|12|1|19|4|1|3|3|2023-09-24|2023-09-24
285|2.6|460|12|1|19|4|1|3|3|2023-09-24|2023-09-24
286|4.9|461|12|1|19|4|1|3|3|2023-09-24|2023-09-24
287|6.9|462|12|1|19|4|1|3|3|2023-09-24|2023-09-24
288|4.9|463|12|1|19|4|1|3|3|2023-09-24|2023-09-24
289|6.1|464|12|1|19|4|1|3|3|2023-09-24|2023-09-24
290|7|465|12|1|19|4|1|3|3|2023-09-24|2023-09-24
291|2|466|12|1|19|4|1|3|3|2023-09-24|2023-09-24
292|3.7|467|12|1|19|4|1|3|3|2023-09-24|2023-09-24
293|5.1|468|12|1|19|4|1|3|3|2023-09-24|2023-09-24
294|5.9|469|12|1|19|4|1|3|3|2023-09-24|2023-09-24
295|4.6|470|12|1|19|4|1|3|3|2023-09-24|2023-09-24
296|5|471|12|1|19|4|1|3|3|2023-09-24|2023-09-24
297|3.4|472|12|1|19|4|1|3|3|2023-09-24|2023-09-24
298|6.2|473|12|1|19|4|1|3|3|2023-09-24|2023-09-24
299|3.7|474|12|1|19|4|1|3|3|2023-09-24|2023-09-24
300|4.7|475|12|1|19|4|1|3|3|2023-09-24|2023-09-24
301|4.6|451|13|1|19|4|1|4|4|2023-09-24|2023-09-24
302|6.1|452|13|1|19|4|1|4|4|2023-09-24|2023-09-24
303|4.4|453|13|1|19|4|1|4|4|2023-09-24|2023-09-24
304|5.4|454|13|1|19|4|1|4|4|2023-09-24|2023-09-24
305|2.6|455|13|1|19|4|1|4|4|2023-09-24|2023-09-24
306|6.1|456|13|1|19|4|1|4|4|2023-09-24|2023-09-24
307|5.7|457|13|1|19|4|1|4|4|2023-09-24|2023-09-24
308|4.7|458|13|1|19|4|1|4|4|2023-09-24|2023-09-24
309|2.8|459|13|1|19|4|1|4|4|2023-09-24|2023-09-24
310|6.5|460|13|1|19|4|1|4|4|2023-09-24|2023-09-24
311|4.4|461|13|1|19|4|1|4|4|2023-09-24|2023-09-24
312|1.5|462|13|1|19|4|1|4|4|2023-09-24|2023-09-24
313|7|463|13|1|19|4|1|4|4|2023-09-24|2023-09-24
314|4.9|464|13|1|19|4|1|4|4|2023-09-24|2023-09-24
315|6.2|465|13|1|19|4|1|4|4|2023-09-24|2023-09-24
316|4.8|466|13|1|19|4|1|4|4|2023-09-24|2023-09-24
317|4.9|467|13|1|19|4|1|4|4|2023-09-24|2023-09-24
318|5.5|468|13|1|19|4|1|4|4|2023-09-24|2023-09-24
319|4.8|469|13|1|19|4|1|4|4|2023-09-24|2023-09-24
320|4|470|13|1|19|4|1|4|4|2023-09-24|2023-09-24
321|5.7|471|13|1|19|4|1|4|4|2023-09-24|2023-09-24
322|7|472|13|1|19|4|1|4|4|2023-09-24|2023-09-24
323|7|473|13|1|19|4|1|4|4|2023-09-24|2023-09-24
324|3.1|474|13|1|19|4|1|4|4|2023-09-24|2023-09-24
325|5.2|475|13|1|19|4|1|4|4|2023-09-24|2023-09-24
326|6.8|451|14|1|19|4|1|4|4|2023-09-24|2023-09-24
327|4.2|452|14|1|19|4|1|4|4|2023-09-24|2023-09-24
328|3.2|453|14|1|19|4|1|4|4|2023-09-24|2023-09-24
329|5.5|454|14|1|19|4|1|4|4|2023-09-24|2023-09-24
330|4.9|455|14|1|19|4|1|4|4|2023-09-24|2023-09-24
331|6.8|456|14|1|19|4|1|4|4|2023-09-24|2023-09-24
332|2.7|457|14|1|19|4|1|4|4|2023-09-24|2023-09-24
333|3.7|458|14|1|19|4|1|4|4|2023-09-24|2023-09-24
334|4.8|459|14|1|19|4|1|4|4|2023-09-24|2023-09-24
335|5.8|460|14|1|19|4|1|4|4|2023-09-24|2023-09-24
336|2.6|461|14|1|19|4|1|4|4|2023-09-24|2023-09-24
337|2.5|462|14|1|19|4|1|4|4|2023-09-24|2023-09-24
338|4|463|14|1|19|4|1|4|4|2023-09-24|2023-09-24
339|2.8|464|14|1|19|4|1|4|4|2023-09-24|2023-09-24
340|3.3|465|14|1|19|4|1|4|4|2023-09-24|2023-09-24
341|2.4|466|14|1|19|4|1|4|4|2023-09-24|2023-09-24
342|6.3|467|14|1|19|4|1|4|4|2023-09-24|2023-09-24
343|6.9|468|14|1|19|4|1|4|4|2023-09-24|2023-09-24
344|6.9|469|14|1|19|4|1|4|4|2023-09-24|2023-09-24
345|3.5|470|14|1|19|4|1|4|4|2023-09-24|2023-09-24
346|4.2|471|14|1|19|4|1|4|4|2023-09-24|2023-09-24
347|1.2|472|14|1|19|4|1|4|4|2023-09-24|2023-09-24
348|4.9|473|14|1|19|4|1|4|4|2023-09-24|2023-09-24
349|3.4|474|14|1|19|4|1|4|4|2023-09-24|2023-09-24
350|3.2|475|14|1|19|4|1|4|4|2023-09-24|2023-09-24
351|3.6|451|15|1|19|4|1|4|4|2023-09-24|2023-09-24
352|5.3|452|15|1|19|4|1|4|4|2023-09-24|2023-09-24
353|3.2|453|15|1|19|4|1|4|4|2023-09-24|2023-09-24
354|3.6|454|15|1|19|4|1|4|4|2023-09-24|2023-09-24
355|5.7|455|15|1|19|4|1|4|4|2023-09-24|2023-09-24
356|6.5|456|15|1|19|4|1|4|4|2023-09-24|2023-09-24
357|4.9|457|15|1|19|4|1|4|4|2023-09-24|2023-09-24
358|3.8|458|15|1|19|4|1|4|4|2023-09-24|2023-09-24
359|5.1|459|15|1|19|4|1|4|4|2023-09-24|2023-09-24
360|2.1|460|15|1|19|4|1|4|4|2023-09-24|2023-09-24
361|6.1|461|15|1|19|4|1|4|4|2023-09-24|2023-09-24
362|4.5|462|15|1|19|4|1|4|4|2023-09-24|2023-09-24
363|4|463|15|1|19|4|1|4|4|2023-09-24|2023-09-24
364|2.6|464|15|1|19|4|1|4|4|2023-09-24|2023-09-24
365|5.8|465|15|1|19|4|1|4|4|2023-09-24|2023-09-24
366|3.7|466|15|1|19|4|1|4|4|2023-09-24|2023-09-24
367|5.3|467|15|1|19|4|1|4|4|2023-09-24|2023-09-24
368|3|468|15|1|19|4|1|4|4|2023-09-24|2023-09-24
369|4.5|469|15|1|19|4|1|4|4|2023-09-24|2023-09-24
370|1.9|470|15|1|19|4|1|4|4|2023-09-24|2023-09-24
371|5.7|471|15|1|19|4|1|4|4|2023-09-24|2023-09-24
372|2.1|472|15|1|19|4|1|4|4|2023-09-24|2023-09-24
373|3.8|473|15|1|19|4|1|4|4|2023-09-24|2023-09-24
374|3.3|474|15|1|19|4|1|4|4|2023-09-24|2023-09-24
375|6.4|475|15|1|19|4|1|4|4|2023-09-24|2023-09-24
376|5.1|451|16|1|19|4|1|4|4|2023-09-24|2023-09-24
377|2.2|452|16|1|19|4|1|4|4|2023-09-24|2023-09-24
378|5.2|453|16|1|19|4|1|4|4|2023-09-24|2023-09-24
379|3.7|454|16|1|19|4|1|4|4|2023-09-24|2023-09-24
380|6.7|455|16|1|19|4|1|4|4|2023-09-24|2023-09-24
381|3.2|456|16|1|19|4|1|4|4|2023-09-24|2023-09-24
382|5.5|457|16|1|19|4|1|4|4|2023-09-24|2023-09-24
383|3|458|16|1|19|4|1|4|4|2023-09-24|2023-09-24
384|1.5|459|16|1|19|4|1|4|4|2023-09-24|2023-09-24
385|4.3|460|16|1|19|4|1|4|4|2023-09-24|2023-09-24
386|5.2|461|16|1|19|4|1|4|4|2023-09-24|2023-09-24
387|5.9|462|16|1|19|4|1|4|4|2023-09-24|2023-09-24
388|4|463|16|1|19|4|1|4|4|2023-09-24|2023-09-24
389|4.4|464|16|1|19|4|1|4|4|2023-09-24|2023-09-24
390|6|465|16|1|19|4|1|4|4|2023-09-24|2023-09-24
391|1.9|466|16|1|19|4|1|4|4|2023-09-24|2023-09-24
392|4.6|467|16|1|19|4|1|4|4|2023-09-24|2023-09-24
393|5.7|468|16|1|19|4|1|4|4|2023-09-24|2023-09-24
394|6.7|469|16|1|19|4|1|4|4|2023-09-24|2023-09-24
395|3.8|470|16|1|19|4|1|4|4|2023-09-24|2023-09-24
396|4.4|471|16|1|19|4|1|4|4|2023-09-24|2023-09-24
397|2.1|472|16|1|19|4|1|4|4|2023-09-24|2023-09-24
398|5.4|473|16|1|19|4|1|4|4|2023-09-24|2023-09-24
399|4.7|474|16|1|19|4|1|4|4|2023-09-24|2023-09-24
400|5.1|475|16|1|19|4|1|4|4|2023-09-24|2023-09-24
401|3.8|451|17|1|19|4|1|5|5|2023-09-24|2023-09-24
402|6.9|452|17|1|19|4|1|5|5|2023-09-24|2023-09-24
403|3.6|453|17|1|19|4|1|5|5|2023-09-24|2023-09-24
404|5.5|454|17|1|19|4|1|5|5|2023-09-24|2023-09-24
405|3.6|455|17|1|19|4|1|5|5|2023-09-24|2023-09-24
406|5.9|456|17|1|19|4|1|5|5|2023-09-24|2023-09-24
407|5.8|457|17|1|19|4|1|5|5|2023-09-24|2023-09-24
408|4.5|458|17|1|19|4|1|5|5|2023-09-24|2023-09-24
409|3|459|17|1|19|4|1|5|5|2023-09-24|2023-09-24
410|4.8|460|17|1|19|4|1|5|5|2023-09-24|2023-09-24
411|4.4|461|17|1|19|4|1|5|5|2023-09-24|2023-09-24
412|2.5|462|17|1|19|4|1|5|5|2023-09-24|2023-09-24
413|6.5|463|17|1|19|4|1|5|5|2023-09-24|2023-09-24
414|4.3|464|17|1|19|4|1|5|5|2023-09-24|2023-09-24
415|6.4|465|17|1|19|4|1|5|5|2023-09-24|2023-09-24
416|5.1|466|17|1|19|4|1|5|5|2023-09-24|2023-09-24
417|5.2|467|17|1|19|4|1|5|5|2023-09-24|2023-09-24
418|4.6|468|17|1|19|4|1|5|5|2023-09-24|2023-09-24
419|4.7|469|17|1|19|4|1|5|5|2023-09-24|2023-09-24
420|3.8|470|17|1|19|4|1|5|5|2023-09-24|2023-09-24
421|4.3|471|17|1|19|4|1|5|5|2023-09-24|2023-09-24
422|6.5|472|17|1|19|4|1|5|5|2023-09-24|2023-09-24
423|7|473|17|1|19|4|1|5|5|2023-09-24|2023-09-24
424|4.2|474|17|1|19|4|1|5|5|2023-09-24|2023-09-24
425|5|475|17|1|19|4|1|5|5|2023-09-24|2023-09-24
426|7|451|18|1|19|4|1|5|5|2023-09-24|2023-09-24
427|3.7|452|18|1|19|4|1|5|5|2023-09-24|2023-09-24
428|4|453|18|1|19|4|1|5|5|2023-09-24|2023-09-24
429|5.5|454|18|1|19|4|1|5|5|2023-09-24|2023-09-24
430|6.3|455|18|1|19|4|1|5|5|2023-09-24|2023-09-24
431|6.4|456|18|1|19|4|1|5|5|2023-09-24|2023-09-24
432|4.3|457|18|1|19|4|1|5|5|2023-09-24|2023-09-24
433|3.5|458|18|1|19|4|1|5|5|2023-09-24|2023-09-24
434|3.3|459|18|1|19|4|1|5|5|2023-09-24|2023-09-24
435|5.4|460|18|1|19|4|1|5|5|2023-09-24|2023-09-24
436|3.3|461|18|1|19|4|1|5|5|2023-09-24|2023-09-24
437|2.3|462|18|1|19|4|1|5|5|2023-09-24|2023-09-24
438|4.2|463|18|1|19|4|1|5|5|2023-09-24|2023-09-24
439|3.4|464|18|1|19|4|1|5|5|2023-09-24|2023-09-24
440|2.8|465|18|1|19|4|1|5|5|2023-09-24|2023-09-24
441|2.5|466|18|1|19|4|1|5|5|2023-09-24|2023-09-24
442|5.1|467|18|1|19|4|1|5|5|2023-09-24|2023-09-24
443|6|468|18|1|19|4|1|5|5|2023-09-24|2023-09-24
444|6.9|469|18|1|19|4|1|5|5|2023-09-24|2023-09-24
445|4.1|470|18|1|19|4|1|5|5|2023-09-24|2023-09-24
446|4.5|471|18|1|19|4|1|5|5|2023-09-24|2023-09-24
447|3|472|18|1|19|4|1|5|5|2023-09-24|2023-09-24
448|5.9|473|18|1|19|4|1|5|5|2023-09-24|2023-09-24
449|3.3|474|18|1|19|4|1|5|5|2023-09-24|2023-09-24
450|4.6|475|18|1|19|4|1|5|5|2023-09-24|2023-09-24
451|3.9|451|19|1|19|4|1|5|5|2023-09-24|2023-09-24
452|5.1|452|19|1|19|4|1|5|5|2023-09-24|2023-09-24
453|3.6|453|19|1|19|4|1|5|5|2023-09-24|2023-09-24
454|5.3|454|19|1|19|4|1|5|5|2023-09-24|2023-09-24
455|5.1|455|19|1|19|4|1|5|5|2023-09-24|2023-09-24
456|6.8|456|19|1|19|4|1|5|5|2023-09-24|2023-09-24
457|3.5|457|19|1|19|4|1|5|5|2023-09-24|2023-09-24
458|2.2|458|19|1|19|4|1|5|5|2023-09-24|2023-09-24
459|4.5|459|19|1|19|4|1|5|5|2023-09-24|2023-09-24
460|2.7|460|19|1|19|4|1|5|5|2023-09-24|2023-09-24
461|5.8|461|19|1|19|4|1|5|5|2023-09-24|2023-09-24
462|3.5|462|19|1|19|4|1|5|5|2023-09-24|2023-09-24
463|2.9|463|19|1|19|4|1|5|5|2023-09-24|2023-09-24
464|2.9|464|19|1|19|4|1|5|5|2023-09-24|2023-09-24
465|5.7|465|19|1|19|4|1|5|5|2023-09-24|2023-09-24
466|2.1|466|19|1|19|4|1|5|5|2023-09-24|2023-09-24
467|5.3|467|19|1|19|4|1|5|5|2023-09-24|2023-09-24
468|2.4|468|19|1|19|4|1|5|5|2023-09-24|2023-09-24
469|5.3|469|19|1|19|4|1|5|5|2023-09-24|2023-09-24
470|1.5|470|19|1|19|4|1|5|5|2023-09-24|2023-09-24
471|5.7|471|19|1|19|4|1|5|5|2023-09-24|2023-09-24
472|3.5|472|19|1|19|4|1|5|5|2023-09-24|2023-09-24
473|5.2|473|19|1|19|4|1|5|5|2023-09-24|2023-09-24
474|2.1|474|19|1|19|4|1|5|5|2023-09-24|2023-09-24
475|6.6|475|19|1|19|4|1|5|5|2023-09-24|2023-09-24
476|3.9|451|20|1|19|4|1|5|5|2023-09-24|2023-09-24
477|2.8|452|20|1|19|4|1|5|5|2023-09-24|2023-09-24
478|5.7|453|20|1|19|4|1|5|5|2023-09-24|2023-09-24
479|4.2|454|20|1|19|4|1|5|5|2023-09-24|2023-09-24
480|6.5|455|20|1|19|4|1|5|5|2023-09-24|2023-09-24
481|2.4|456|20|1|19|4|1|5|5|2023-09-24|2023-09-24
482|6.4|457|20|1|19|4|1|5|5|2023-09-24|2023-09-24
483|4.3|458|20|1|19|4|1|5|5|2023-09-24|2023-09-24
484|2.7|459|20|1|19|4|1|5|5|2023-09-24|2023-09-24
485|4|460|20|1|19|4|1|5|5|2023-09-24|2023-09-24
486|4.1|461|20|1|19|4|1|5|5|2023-09-24|2023-09-24
487|5.3|462|20|1|19|4|1|5|5|2023-09-24|2023-09-24
488|5.2|463|20|1|19|4|1|5|5|2023-09-24|2023-09-24
489|5.6|464|20|1|19|4|1|5|5|2023-09-24|2023-09-24
490|7|465|20|1|19|4|1|5|5|2023-09-24|2023-09-24
491|3|466|20|1|19|4|1|5|5|2023-09-24|2023-09-24
492|4.8|467|20|1|19|4|1|5|5|2023-09-24|2023-09-24
493|4.6|468|20|1|19|4|1|5|5|2023-09-24|2023-09-24
494|6.2|469|20|1|19|4|1|5|5|2023-09-24|2023-09-24
495|4.3|470|20|1|19|4|1|5|5|2023-09-24|2023-09-24
496|5.6|471|20|1|19|4|1|5|5|2023-09-24|2023-09-24
497|1.8|472|20|1|19|4|1|5|5|2023-09-24|2023-09-24
498|6.9|473|20|1|19|4|1|5|5|2023-09-24|2023-09-24
499|4.7|474|20|1|19|4|1|5|5|2023-09-24|2023-09-24
500|4.8|475|20|1|19|4|1|5|5|2023-09-24|2023-09-24
501|4|451|21|1|19|4|1|1|6|2023-09-24|2023-09-24
502|5.5|452|21|1|19|4|1|1|6|2023-09-24|2023-09-24
503|4.2|453|21|1|19|4|1|1|6|2023-09-24|2023-09-24
504|4.7|454|21|1|19|4|1|1|6|2023-09-24|2023-09-24
505|2.9|455|21|1|19|4|1|1|6|2023-09-24|2023-09-24
506|5.6|456|21|1|19|4|1|1|6|2023-09-24|2023-09-24
507|4.4|457|21|1|19|4|1|1|6|2023-09-24|2023-09-24
508|5|458|21|1|19|4|1|1|6|2023-09-24|2023-09-24
509|4.1|459|21|1|19|4|1|1|6|2023-09-24|2023-09-24
510|5.1|460|21|1|19|4|1|1|6|2023-09-24|2023-09-24
511|4.9|461|21|1|19|4|1|1|6|2023-09-24|2023-09-24
512|1.9|462|21|1|19|4|1|1|6|2023-09-24|2023-09-24
513|6.9|463|21|1|19|4|1|1|6|2023-09-24|2023-09-24
514|3.9|464|21|1|19|4|1|1|6|2023-09-24|2023-09-24
515|7|465|21|1|19|4|1|1|6|2023-09-24|2023-09-24
516|5.7|466|21|1|19|4|1|1|6|2023-09-24|2023-09-24
517|5.1|467|21|1|19|4|1|1|6|2023-09-24|2023-09-24
518|4.3|468|21|1|19|4|1|1|6|2023-09-24|2023-09-24
519|5.1|469|21|1|19|4|1|1|6|2023-09-24|2023-09-24
520|2.3|470|21|1|19|4|1|1|6|2023-09-24|2023-09-24
521|4.3|471|21|1|19|4|1|1|6|2023-09-24|2023-09-24
522|7|472|21|1|19|4|1|1|6|2023-09-24|2023-09-24
523|7|473|21|1|19|4|1|1|6|2023-09-24|2023-09-24
524|3.3|474|21|1|19|4|1|1|6|2023-09-24|2023-09-24
525|5.7|475|21|1|19|4|1|1|6|2023-09-24|2023-09-24
526|7|451|22|1|19|4|1|1|6|2023-09-24|2023-09-24
527|3.9|452|22|1|19|4|1|1|6|2023-09-24|2023-09-24
528|4.2|453|22|1|19|4|1|1|6|2023-09-24|2023-09-24
529|6.8|454|22|1|19|4|1|1|6|2023-09-24|2023-09-24
530|5|455|22|1|19|4|1|1|6|2023-09-24|2023-09-24
531|5.9|456|22|1|19|4|1|1|6|2023-09-24|2023-09-24
532|3.2|457|22|1|19|4|1|1|6|2023-09-24|2023-09-24
533|4|458|22|1|19|4|1|1|6|2023-09-24|2023-09-24
534|4|459|22|1|19|4|1|1|6|2023-09-24|2023-09-24
535|5.5|460|22|1|19|4|1|1|6|2023-09-24|2023-09-24
536|4.5|461|22|1|19|4|1|1|6|2023-09-24|2023-09-24
537|3.3|462|22|1|19|4|1|1|6|2023-09-24|2023-09-24
538|3.8|463|22|1|19|4|1|1|6|2023-09-24|2023-09-24
539|2.3|464|22|1|19|4|1|1|6|2023-09-24|2023-09-24
540|3.3|465|22|1|19|4|1|1|6|2023-09-24|2023-09-24
541|2.7|466|22|1|19|4|1|1|6|2023-09-24|2023-09-24
542|5|467|22|1|19|4|1|1|6|2023-09-24|2023-09-24
543|6|468|22|1|19|4|1|1|6|2023-09-24|2023-09-24
544|5.6|469|22|1|19|4|1|1|6|2023-09-24|2023-09-24
545|4.8|470|22|1|19|4|1|1|6|2023-09-24|2023-09-24
546|3.8|471|22|1|19|4|1|1|6|2023-09-24|2023-09-24
547|2.4|472|22|1|19|4|1|1|6|2023-09-24|2023-09-24
548|4.2|473|22|1|19|4|1|1|6|2023-09-24|2023-09-24
549|4.4|474|22|1|19|4|1|1|6|2023-09-24|2023-09-24
550|3.1|475|22|1|19|4|1|1|6|2023-09-24|2023-09-24
551|3.6|451|23|1|19|4|1|1|6|2023-09-24|2023-09-24
552|4.4|452|23|1|19|4|1|1|6|2023-09-24|2023-09-24
553|4.6|453|23|1|19|4|1|1|6|2023-09-24|2023-09-24
554|5|454|23|1|19|4|1|1|6|2023-09-24|2023-09-24
555|6|455|23|1|19|4|1|1|6|2023-09-24|2023-09-24
556|6.8|456|23|1|19|4|1|1|6|2023-09-24|2023-09-24
557|3.6|457|23|1|19|4|1|1|6|2023-09-24|2023-09-24
558|2.5|458|23|1|19|4|1|1|6|2023-09-24|2023-09-24
559|4.1|459|23|1|19|4|1|1|6|2023-09-24|2023-09-24
560|3.7|460|23|1|19|4|1|1|6|2023-09-24|2023-09-24
561|5.6|461|23|1|19|4|1|1|6|2023-09-24|2023-09-24
562|3.5|462|23|1|19|4|1|1|6|2023-09-24|2023-09-24
563|3.9|463|23|1|19|4|1|1|6|2023-09-24|2023-09-24
564|1.6|464|23|1|19|4|1|1|6|2023-09-24|2023-09-24
565|6.2|465|23|1|19|4|1|1|6|2023-09-24|2023-09-24
566|1.9|466|23|1|19|4|1|1|6|2023-09-24|2023-09-24
567|4.5|467|23|1|19|4|1|1|6|2023-09-24|2023-09-24
568|2.3|468|23|1|19|4|1|1|6|2023-09-24|2023-09-24
569|5.4|469|23|1|19|4|1|1|6|2023-09-24|2023-09-24
570|3.1|470|23|1|19|4|1|1|6|2023-09-24|2023-09-24
571|6.9|471|23|1|19|4|1|1|6|2023-09-24|2023-09-24
572|2.8|472|23|1|19|4|1|1|6|2023-09-24|2023-09-24
573|4.6|473|23|1|19|4|1|1|6|2023-09-24|2023-09-24
574|2.3|474|23|1|19|4|1|1|6|2023-09-24|2023-09-24
575|7|475|23|1|19|4|1|1|6|2023-09-24|2023-09-24
576|5|451|24|1|19|4|1|1|6|2023-09-24|2023-09-24
577|3.2|452|24|1|19|4|1|1|6|2023-09-24|2023-09-24
578|5.7|453|24|1|19|4|1|1|6|2023-09-24|2023-09-24
579|3.9|454|24|1|19|4|1|1|6|2023-09-24|2023-09-24
580|5.6|455|24|1|19|4|1|1|6|2023-09-24|2023-09-24
581|4.4|456|24|1|19|4|1|1|6|2023-09-24|2023-09-24
582|6.9|457|24|1|19|4|1|1|6|2023-09-24|2023-09-24
583|3.7|458|24|1|19|4|1|1|6|2023-09-24|2023-09-24
584|1.9|459|24|1|19|4|1|1|6|2023-09-24|2023-09-24
585|3.5|460|24|1|19|4|1|1|6|2023-09-24|2023-09-24
586|5.9|461|24|1|19|4|1|1|6|2023-09-24|2023-09-24
587|6.4|462|24|1|19|4|1|1|6|2023-09-24|2023-09-24
588|5|463|24|1|19|4|1|1|6|2023-09-24|2023-09-24
589|5.3|464|24|1|19|4|1|1|6|2023-09-24|2023-09-24
590|7|465|24|1|19|4|1|1|6|2023-09-24|2023-09-24
591|2.1|466|24|1|19|4|1|1|6|2023-09-24|2023-09-24
592|4.8|467|24|1|19|4|1|1|6|2023-09-24|2023-09-24
593|4.5|468|24|1|19|4|1|1|6|2023-09-24|2023-09-24
594|5.5|469|24|1|19|4|1|1|6|2023-09-24|2023-09-24
595|4.7|470|24|1|19|4|1|1|6|2023-09-24|2023-09-24
596|4.6|471|24|1|19|4|1|1|6|2023-09-24|2023-09-24
597|2.7|472|24|1|19|4|1|1|6|2023-09-24|2023-09-24
598|5.1|473|24|1|19|4|1|1|6|2023-09-24|2023-09-24
599|4.2|474|24|1|19|4|1|1|6|2023-09-24|2023-09-24
600|5.1|475|24|1|19|4|1|1|6|2023-09-24|2023-09-24
601|3.2|451|25|1|19|4|1|6|7|2023-09-24|2023-09-24
602|6.5|452|25|1|19|4|1|6|7|2023-09-24|2023-09-24
603|3.9|453|25|1|19|4|1|6|7|2023-09-24|2023-09-24
604|4.6|454|25|1|19|4|1|6|7|2023-09-24|2023-09-24
605|3.6|455|25|1|19|4|1|6|7|2023-09-24|2023-09-24
606|5.5|456|25|1|19|4|1|6|7|2023-09-24|2023-09-24
607|5.4|457|25|1|19|4|1|6|7|2023-09-24|2023-09-24
608|5.2|458|25|1|19|4|1|6|7|2023-09-24|2023-09-24
609|3.7|459|25|1|19|4|1|6|7|2023-09-24|2023-09-24
610|6.4|460|25|1|19|4|1|6|7|2023-09-24|2023-09-24
611|4.7|461|25|1|19|4|1|6|7|2023-09-24|2023-09-24
612|1.9|462|25|1|19|4|1|6|7|2023-09-24|2023-09-24
613|7|463|25|1|19|4|1|6|7|2023-09-24|2023-09-24
614|4|464|25|1|19|4|1|6|7|2023-09-24|2023-09-24
615|7|465|25|1|19|4|1|6|7|2023-09-24|2023-09-24
616|5.5|466|25|1|19|4|1|6|7|2023-09-24|2023-09-24
617|5.2|467|25|1|19|4|1|6|7|2023-09-24|2023-09-24
618|5.8|468|25|1|19|4|1|6|7|2023-09-24|2023-09-24
619|3.5|469|25|1|19|4|1|6|7|2023-09-24|2023-09-24
620|3.1|470|25|1|19|4|1|6|7|2023-09-24|2023-09-24
621|5.8|471|25|1|19|4|1|6|7|2023-09-24|2023-09-24
622|6.9|472|25|1|19|4|1|6|7|2023-09-24|2023-09-24
623|7|473|25|1|19|4|1|6|7|2023-09-24|2023-09-24
624|2.9|474|25|1|19|4|1|6|7|2023-09-24|2023-09-24
625|5.7|475|25|1|19|4|1|6|7|2023-09-24|2023-09-24
626|6.8|451|26|1|19|4|1|6|7|2023-09-24|2023-09-24
627|3.4|452|26|1|19|4|1|6|7|2023-09-24|2023-09-24
628|4.3|453|26|1|19|4|1|6|7|2023-09-24|2023-09-24
629|5.9|454|26|1|19|4|1|6|7|2023-09-24|2023-09-24
630|6|455|26|1|19|4|1|6|7|2023-09-24|2023-09-24
631|6.2|456|26|1|19|4|1|6|7|2023-09-24|2023-09-24
632|2.8|457|26|1|19|4|1|6|7|2023-09-24|2023-09-24
633|3.1|458|26|1|19|4|1|6|7|2023-09-24|2023-09-24
634|3.1|459|26|1|19|4|1|6|7|2023-09-24|2023-09-24
635|5.1|460|26|1|19|4|1|6|7|2023-09-24|2023-09-24
636|2.9|461|26|1|19|4|1|6|7|2023-09-24|2023-09-24
637|1.7|462|26|1|19|4|1|6|7|2023-09-24|2023-09-24
638|4.3|463|26|1|19|4|1|6|7|2023-09-24|2023-09-24
639|2.6|464|26|1|19|4|1|6|7|2023-09-24|2023-09-24
640|3.6|465|26|1|19|4|1|6|7|2023-09-24|2023-09-24
641|3|466|26|1|19|4|1|6|7|2023-09-24|2023-09-24
642|4.5|467|26|1|19|4|1|6|7|2023-09-24|2023-09-24
643|6.7|468|26|1|19|4|1|6|7|2023-09-24|2023-09-24
644|6.2|469|26|1|19|4|1|6|7|2023-09-24|2023-09-24
645|4.5|470|26|1|19|4|1|6|7|2023-09-24|2023-09-24
646|4.3|471|26|1|19|4|1|6|7|2023-09-24|2023-09-24
647|2.8|472|26|1|19|4|1|6|7|2023-09-24|2023-09-24
648|5.9|473|26|1|19|4|1|6|7|2023-09-24|2023-09-24
649|3.6|474|26|1|19|4|1|6|7|2023-09-24|2023-09-24
650|3.9|475|26|1|19|4|1|6|7|2023-09-24|2023-09-24
651|3.8|451|27|1|19|4|1|6|7|2023-09-24|2023-09-24
652|4.2|452|27|1|19|4|1|6|7|2023-09-24|2023-09-24
653|4.3|453|27|1|19|4|1|6|7|2023-09-24|2023-09-24
654|4.2|454|27|1|19|4|1|6|7|2023-09-24|2023-09-24
655|4.7|455|27|1|19|4|1|6|7|2023-09-24|2023-09-24
656|6.2|456|27|1|19|4|1|6|7|2023-09-24|2023-09-24
657|5|457|27|1|19|4|1|6|7|2023-09-24|2023-09-24
658|2.8|458|27|1|19|4|1|6|7|2023-09-24|2023-09-24
659|4.2|459|27|1|19|4|1|6|7|2023-09-24|2023-09-24
660|2.1|460|27|1|19|4|1|6|7|2023-09-24|2023-09-24
661|5.3|461|27|1|19|4|1|6|7|2023-09-24|2023-09-24
662|3.3|462|27|1|19|4|1|6|7|2023-09-24|2023-09-24
663|2.9|463|27|1|19|4|1|6|7|2023-09-24|2023-09-24
664|1.5|464|27|1|19|4|1|6|7|2023-09-24|2023-09-24
665|6.5|465|27|1|19|4|1|6|7|2023-09-24|2023-09-24
666|2.5|466|27|1|19|4|1|6|7|2023-09-24|2023-09-24
667|5.6|467|27|1|19|4|1|6|7|2023-09-24|2023-09-24
668|1.8|468|27|1|19|4|1|6|7|2023-09-24|2023-09-24
669|4.6|469|27|1|19|4|1|6|7|2023-09-24|2023-09-24
670|2.7|470|27|1|19|4|1|6|7|2023-09-24|2023-09-24
671|6.5|471|27|1|19|4|1|6|7|2023-09-24|2023-09-24
672|3|472|27|1|19|4|1|6|7|2023-09-24|2023-09-24
673|4.6|473|27|1|19|4|1|6|7|2023-09-24|2023-09-24
674|2.8|474|27|1|19|4|1|6|7|2023-09-24|2023-09-24
675|5.7|475|27|1|19|4|1|6|7|2023-09-24|2023-09-24
676|5.7|451|28|1|19|4|1|6|7|2023-09-24|2023-09-24
677|2.8|452|28|1|19|4|1|6|7|2023-09-24|2023-09-24
678|4.4|453|28|1|19|4|1|6|7|2023-09-24|2023-09-24
679|3.7|454|28|1|19|4|1|6|7|2023-09-24|2023-09-24
680|5.5|455|28|1|19|4|1|6|7|2023-09-24|2023-09-24
681|4.1|456|28|1|19|4|1|6|7|2023-09-24|2023-09-24
682|6|457|28|1|19|4|1|6|7|2023-09-24|2023-09-24
683|4.2|458|28|1|19|4|1|6|7|2023-09-24|2023-09-24
684|2.4|459|28|1|19|4|1|6|7|2023-09-24|2023-09-24
685|4.5|460|28|1|19|4|1|6|7|2023-09-24|2023-09-24
686|4|461|28|1|19|4|1|6|7|2023-09-24|2023-09-24
687|6.7|462|28|1|19|4|1|6|7|2023-09-24|2023-09-24
688|3.9|463|28|1|19|4|1|6|7|2023-09-24|2023-09-24
689|5.7|464|28|1|19|4|1|6|7|2023-09-24|2023-09-24
690|7|465|28|1|19|4|1|6|7|2023-09-24|2023-09-24
691|1.6|466|28|1|19|4|1|6|7|2023-09-24|2023-09-24
692|4|467|28|1|19|4|1|6|7|2023-09-24|2023-09-24
693|5.8|468|28|1|19|4|1|6|7|2023-09-24|2023-09-24
694|6.6|469|28|1|19|4|1|6|7|2023-09-24|2023-09-24
695|4.8|470|28|1|19|4|1|6|7|2023-09-24|2023-09-24
696|4.1|471|28|1|19|4|1|6|7|2023-09-24|2023-09-24
697|2.9|472|28|1|19|4|1|6|7|2023-09-24|2023-09-24
698|5.9|473|28|1|19|4|1|6|7|2023-09-24|2023-09-24
699|4.4|474|28|1|19|4|1|6|7|2023-09-24|2023-09-24
700|4.2|475|28|1|19|4|1|6|7|2023-09-24|2023-09-24
701|4.1|451|29|1|19|4|1|7|8|2023-09-24|2023-09-24
702|6.4|452|29|1|19|4|1|7|8|2023-09-24|2023-09-24
703|3.9|453|29|1|19|4|1|7|8|2023-09-24|2023-09-24
704|5.8|454|29|1|19|4|1|7|8|2023-09-24|2023-09-24
705|2.7|455|29|1|19|4|1|7|8|2023-09-24|2023-09-24
706|6.8|456|29|1|19|4|1|7|8|2023-09-24|2023-09-24
707|4.5|457|29|1|19|4|1|7|8|2023-09-24|2023-09-24
708|3.7|458|29|1|19|4|1|7|8|2023-09-24|2023-09-24
709|4|459|29|1|19|4|1|7|8|2023-09-24|2023-09-24
710|5|460|29|1|19|4|1|7|8|2023-09-24|2023-09-24
711|4.4|461|29|1|19|4|1|7|8|2023-09-24|2023-09-24
712|1.9|462|29|1|19|4|1|7|8|2023-09-24|2023-09-24
713|7|463|29|1|19|4|1|7|8|2023-09-24|2023-09-24
714|3.2|464|29|1|19|4|1|7|8|2023-09-24|2023-09-24
715|6.8|465|29|1|19|4|1|7|8|2023-09-24|2023-09-24
716|5.5|466|29|1|19|4|1|7|8|2023-09-24|2023-09-24
717|4.6|467|29|1|19|4|1|7|8|2023-09-24|2023-09-24
718|4.2|468|29|1|19|4|1|7|8|2023-09-24|2023-09-24
719|5.4|469|29|1|19|4|1|7|8|2023-09-24|2023-09-24
720|4|470|29|1|19|4|1|7|8|2023-09-24|2023-09-24
721|4.8|471|29|1|19|4|1|7|8|2023-09-24|2023-09-24
722|6.2|472|29|1|19|4|1|7|8|2023-09-24|2023-09-24
723|7|473|29|1|19|4|1|7|8|2023-09-24|2023-09-24
724|3|474|29|1|19|4|1|7|8|2023-09-24|2023-09-24
725|4.3|475|29|1|19|4|1|7|8|2023-09-24|2023-09-24
726|7|451|30|1|19|4|1|7|8|2023-09-24|2023-09-24
727|4.4|452|30|1|19|4|1|7|8|2023-09-24|2023-09-24
728|4.2|453|30|1|19|4|1|7|8|2023-09-24|2023-09-24
729|5.5|454|30|1|19|4|1|7|8|2023-09-24|2023-09-24
730|4.7|455|30|1|19|4|1|7|8|2023-09-24|2023-09-24
731|5.9|456|30|1|19|4|1|7|8|2023-09-24|2023-09-24
732|2.9|457|30|1|19|4|1|7|8|2023-09-24|2023-09-24
733|3.4|458|30|1|19|4|1|7|8|2023-09-24|2023-09-24
734|2.9|459|30|1|19|4|1|7|8|2023-09-24|2023-09-24
735|6.7|460|30|1|19|4|1|7|8|2023-09-24|2023-09-24
736|4.2|461|30|1|19|4|1|7|8|2023-09-24|2023-09-24
737|2.1|462|30|1|19|4|1|7|8|2023-09-24|2023-09-24
738|2.6|463|30|1|19|4|1|7|8|2023-09-24|2023-09-24
739|3.2|464|30|1|19|4|1|7|8|2023-09-24|2023-09-24
740|2.7|465|30|1|19|4|1|7|8|2023-09-24|2023-09-24
741|2.5|466|30|1|19|4|1|7|8|2023-09-24|2023-09-24
742|6|467|30|1|19|4|1|7|8|2023-09-24|2023-09-24
743|6.4|468|30|1|19|4|1|7|8|2023-09-24|2023-09-24
744|6.2|469|30|1|19|4|1|7|8|2023-09-24|2023-09-24
745|3.8|470|30|1|19|4|1|7|8|2023-09-24|2023-09-24
746|4.2|471|30|1|19|4|1|7|8|2023-09-24|2023-09-24
747|1.9|472|30|1|19|4|1|7|8|2023-09-24|2023-09-24
748|6|473|30|1|19|4|1|7|8|2023-09-24|2023-09-24
749|4.7|474|30|1|19|4|1|7|8|2023-09-24|2023-09-24
750|4.6|475|30|1|19|4|1|7|8|2023-09-24|2023-09-24
751|3.5|451|31|1|19|4|1|7|8|2023-09-24|2023-09-24
752|4.2|452|31|1|19|4|1|7|8|2023-09-24|2023-09-24
753|3.9|453|31|1|19|4|1|7|8|2023-09-24|2023-09-24
754|4.7|454|31|1|19|4|1|7|8|2023-09-24|2023-09-24
755|5.5|455|31|1|19|4|1|7|8|2023-09-24|2023-09-24
756|5.4|456|31|1|19|4|1|7|8|2023-09-24|2023-09-24
757|4.9|457|31|1|19|4|1|7|8|2023-09-24|2023-09-24
758|2.2|458|31|1|19|4|1|7|8|2023-09-24|2023-09-24
759|3.7|459|31|1|19|4|1|7|8|2023-09-24|2023-09-24
760|2.8|460|31|1|19|4|1|7|8|2023-09-24|2023-09-24
761|6.6|461|31|1|19|4|1|7|8|2023-09-24|2023-09-24
762|4.9|462|31|1|19|4|1|7|8|2023-09-24|2023-09-24
763|4|463|31|1|19|4|1|7|8|2023-09-24|2023-09-24
764|2|464|31|1|19|4|1|7|8|2023-09-24|2023-09-24
765|5.6|465|31|1|19|4|1|7|8|2023-09-24|2023-09-24
766|1.7|466|31|1|19|4|1|7|8|2023-09-24|2023-09-24
767|4.9|467|31|1|19|4|1|7|8|2023-09-24|2023-09-24
768|3|468|31|1|19|4|1|7|8|2023-09-24|2023-09-24
769|5.5|469|31|1|19|4|1|7|8|2023-09-24|2023-09-24
770|1.8|470|31|1|19|4|1|7|8|2023-09-24|2023-09-24
771|6.7|471|31|1|19|4|1|7|8|2023-09-24|2023-09-24
772|2.9|472|31|1|19|4|1|7|8|2023-09-24|2023-09-24
773|3.5|473|31|1|19|4|1|7|8|2023-09-24|2023-09-24
774|2.8|474|31|1|19|4|1|7|8|2023-09-24|2023-09-24
775|7|475|31|1|19|4|1|7|8|2023-09-24|2023-09-24
776|4.9|451|32|1|19|4|1|7|8|2023-09-24|2023-09-24
777|2.6|452|32|1|19|4|1|7|8|2023-09-24|2023-09-24
778|5.5|453|32|1|19|4|1|7|8|2023-09-24|2023-09-24
779|4.2|454|32|1|19|4|1|7|8|2023-09-24|2023-09-24
780|5.4|455|32|1|19|4|1|7|8|2023-09-24|2023-09-24
781|4.3|456|32|1|19|4|1|7|8|2023-09-24|2023-09-24
782|7|457|32|1|19|4|1|7|8|2023-09-24|2023-09-24
783|4.7|458|32|1|19|4|1|7|8|2023-09-24|2023-09-24
784|3.1|459|32|1|19|4|1|7|8|2023-09-24|2023-09-24
785|3.8|460|32|1|19|4|1|7|8|2023-09-24|2023-09-24
786|3.9|461|32|1|19|4|1|7|8|2023-09-24|2023-09-24
787|5.3|462|32|1|19|4|1|7|8|2023-09-24|2023-09-24
788|5.4|463|32|1|19|4|1|7|8|2023-09-24|2023-09-24
789|6.2|464|32|1|19|4|1|7|8|2023-09-24|2023-09-24
790|6.5|465|32|1|19|4|1|7|8|2023-09-24|2023-09-24
791|3|466|32|1|19|4|1|7|8|2023-09-24|2023-09-24
792|4.8|467|32|1|19|4|1|7|8|2023-09-24|2023-09-24
793|6.1|468|32|1|19|4|1|7|8|2023-09-24|2023-09-24
794|5.5|469|32|1|19|4|1|7|8|2023-09-24|2023-09-24
795|4.5|470|32|1|19|4|1|7|8|2023-09-24|2023-09-24
796|5.5|471|32|1|19|4|1|7|8|2023-09-24|2023-09-24
797|1.7|472|32|1|19|4|1|7|8|2023-09-24|2023-09-24
798|5.9|473|32|1|19|4|1|7|8|2023-09-24|2023-09-24
799|5|474|32|1|19|4|1|7|8|2023-09-24|2023-09-24
800|4.8|475|32|1|19|4|1|7|8|2023-09-24|2023-09-24
801|5.5|451|33|1|19|4|1|8|9|2023-09-24|2023-09-24
802|3.1|452|33|1|19|4|1|8|9|2023-09-24|2023-09-24
803|4.3|453|33|1|19|4|1|8|9|2023-09-24|2023-09-24
804|5|454|33|1|19|4|1|8|9|2023-09-24|2023-09-24
805|6.9|455|33|1|19|4|1|8|9|2023-09-24|2023-09-24
806|1.1|456|33|1|19|4|1|8|9|2023-09-24|2023-09-24
807|5.8|457|33|1|19|4|1|8|9|2023-09-24|2023-09-24
808|6|458|33|1|19|4|1|8|9|2023-09-24|2023-09-24
809|5.1|459|33|1|19|4|1|8|9|2023-09-24|2023-09-24
810|2|460|33|1|19|4|1|8|9|2023-09-24|2023-09-24
811|5.3|461|33|1|19|4|1|8|9|2023-09-24|2023-09-24
812|2.7|462|33|1|19|4|1|8|9|2023-09-24|2023-09-24
813|5.9|463|33|1|19|4|1|8|9|2023-09-24|2023-09-24
814|2.9|464|33|1|19|4|1|8|9|2023-09-24|2023-09-24
815|7|465|33|1|19|4|1|8|9|2023-09-24|2023-09-24
816|3.1|466|33|1|19|4|1|8|9|2023-09-24|2023-09-24
817|2.4|467|33|1|19|4|1|8|9|2023-09-24|2023-09-24
818|2.1|468|33|1|19|4|1|8|9|2023-09-24|2023-09-24
819|4.4|469|33|1|19|4|1|8|9|2023-09-24|2023-09-24
820|1.3|470|33|1|19|4|1|8|9|2023-09-24|2023-09-24
821|1.5|471|33|1|19|4|1|8|9|2023-09-24|2023-09-24
822|2.8|472|33|1|19|4|1|8|9|2023-09-24|2023-09-24
823|2.6|473|33|1|19|4|1|8|9|2023-09-24|2023-09-24
824|6.9|474|33|1|19|4|1|8|9|2023-09-24|2023-09-24
825|3.3|475|33|1|19|4|1|8|9|2023-09-24|2023-09-24
826|6.8|451|34|1|19|4|1|8|9|2023-09-24|2023-09-24
827|4.8|452|34|1|19|4|1|8|9|2023-09-24|2023-09-24
828|1|453|34|1|19|4|1|8|9|2023-09-24|2023-09-24
829|2.8|454|34|1|19|4|1|8|9|2023-09-24|2023-09-24
830|6.1|455|34|1|19|4|1|8|9|2023-09-24|2023-09-24
831|7|456|34|1|19|4|1|8|9|2023-09-24|2023-09-24
832|3.1|457|34|1|19|4|1|8|9|2023-09-24|2023-09-24
833|4.1|458|34|1|19|4|1|8|9|2023-09-24|2023-09-24
834|3.6|459|34|1|19|4|1|8|9|2023-09-24|2023-09-24
835|1.9|460|34|1|19|4|1|8|9|2023-09-24|2023-09-24
836|4.3|461|34|1|19|4|1|8|9|2023-09-24|2023-09-24
837|6.7|462|34|1|19|4|1|8|9|2023-09-24|2023-09-24
838|2|463|34|1|19|4|1|8|9|2023-09-24|2023-09-24
839|4.5|464|34|1|19|4|1|8|9|2023-09-24|2023-09-24
840|6|465|34|1|19|4|1|8|9|2023-09-24|2023-09-24
841|1.3|466|34|1|19|4|1|8|9|2023-09-24|2023-09-24
842|3.6|467|34|1|19|4|1|8|9|2023-09-24|2023-09-24
843|6.2|468|34|1|19|4|1|8|9|2023-09-24|2023-09-24
844|2.1|469|34|1|19|4|1|8|9|2023-09-24|2023-09-24
845|4.7|470|34|1|19|4|1|8|9|2023-09-24|2023-09-24
846|5.1|471|34|1|19|4|1|8|9|2023-09-24|2023-09-24
847|3.1|472|34|1|19|4|1|8|9|2023-09-24|2023-09-24
848|5.9|473|34|1|19|4|1|8|9|2023-09-24|2023-09-24
849|5.3|474|34|1|19|4|1|8|9|2023-09-24|2023-09-24
850|4.8|475|34|1|19|4|1|8|9|2023-09-24|2023-09-24
851|5.6|451|35|1|19|4|1|8|9|2023-09-24|2023-09-24
852|4.2|452|35|1|19|4|1|8|9|2023-09-24|2023-09-24
853|6.4|453|35|1|19|4|1|8|9|2023-09-24|2023-09-24
854|3.2|454|35|1|19|4|1|8|9|2023-09-24|2023-09-24
855|6.3|455|35|1|19|4|1|8|9|2023-09-24|2023-09-24
856|6.6|456|35|1|19|4|1|8|9|2023-09-24|2023-09-24
857|4.2|457|35|1|19|4|1|8|9|2023-09-24|2023-09-24
858|1.2|458|35|1|19|4|1|8|9|2023-09-24|2023-09-24
859|7.1|459|35|1|19|4|1|8|9|2023-09-24|2023-09-24
860|5.7|460|35|1|19|4|1|8|9|2023-09-24|2023-09-24
861|1.1|461|35|1|19|4|1|8|9|2023-09-24|2023-09-24
862|4.1|462|35|1|19|4|1|8|9|2023-09-24|2023-09-24
863|3.7|463|35|1|19|4|1|8|9|2023-09-24|2023-09-24
864|6.2|464|35|1|19|4|1|8|9|2023-09-24|2023-09-24
865|6.5|465|35|1|19|4|1|8|9|2023-09-24|2023-09-24
866|4.8|466|35|1|19|4|1|8|9|2023-09-24|2023-09-24
867|1.5|467|35|1|19|4|1|8|9|2023-09-24|2023-09-24
868|5.1|468|35|1|19|4|1|8|9|2023-09-24|2023-09-24
869|3.9|469|35|1|19|4|1|8|9|2023-09-24|2023-09-24
870|1.1|470|35|1|19|4|1|8|9|2023-09-24|2023-09-24
871|3.7|471|35|1|19|4|1|8|9|2023-09-24|2023-09-24
872|3.4|472|35|1|19|4|1|8|9|2023-09-24|2023-09-24
873|1.8|473|35|1|19|4|1|8|9|2023-09-24|2023-09-24
874|5.8|474|35|1|19|4|1|8|9|2023-09-24|2023-09-24
875|3.4|475|35|1|19|4|1|8|9|2023-09-24|2023-09-24
876|1.2|451|36|1|19|4|1|8|9|2023-09-24|2023-09-24
877|3|452|36|1|19|4|1|8|9|2023-09-24|2023-09-24
878|5.6|453|36|1|19|4|1|8|9|2023-09-24|2023-09-24
879|5.7|454|36|1|19|4|1|8|9|2023-09-24|2023-09-24
880|1.4|455|36|1|19|4|1|8|9|2023-09-24|2023-09-24
881|3.6|456|36|1|19|4|1|8|9|2023-09-24|2023-09-24
882|6.4|457|36|1|19|4|1|8|9|2023-09-24|2023-09-24
883|2.8|458|36|1|19|4|1|8|9|2023-09-24|2023-09-24
884|4.3|459|36|1|19|4|1|8|9|2023-09-24|2023-09-24
885|1.1|460|36|1|19|4|1|8|9|2023-09-24|2023-09-24
886|5.3|461|36|1|19|4|1|8|9|2023-09-24|2023-09-24
887|2.6|462|36|1|19|4|1|8|9|2023-09-24|2023-09-24
888|5.7|463|36|1|19|4|1|8|9|2023-09-24|2023-09-24
889|1.1|464|36|1|19|4|1|8|9|2023-09-24|2023-09-24
890|1|465|36|1|19|4|1|8|9|2023-09-24|2023-09-24
891|6.9|466|36|1|19|4|1|8|9|2023-09-24|2023-09-24
892|6.7|467|36|1|19|4|1|8|9|2023-09-24|2023-09-24
893|6|468|36|1|19|4|1|8|9|2023-09-24|2023-09-24
894|6.6|469|36|1|19|4|1|8|9|2023-09-24|2023-09-24
895|2.2|470|36|1|19|4|1|8|9|2023-09-24|2023-09-24
896|2.4|471|36|1|19|4|1|8|9|2023-09-24|2023-09-24
897|3.8|472|36|1|19|4|1|8|9|2023-09-24|2023-09-24
898|4.7|473|36|1|19|4|1|8|9|2023-09-24|2023-09-24
899|5|474|36|1|19|4|1|8|9|2023-09-24|2023-09-24
900|6.3|475|36|1|19|4|1|8|9|2023-09-24|2023-09-24
901|2.2|451|37|1|19|4|1|9|10|2023-09-24|2023-09-24
902|2.1|452|37|1|19|4|1|9|10|2023-09-24|2023-09-24
903|1.9|453|37|1|19|4|1|9|10|2023-09-24|2023-09-24
904|7|454|37|1|19|4|1|9|10|2023-09-24|2023-09-24
905|4.4|455|37|1|19|4|1|9|10|2023-09-24|2023-09-24
906|2.7|456|37|1|19|4|1|9|10|2023-09-24|2023-09-24
907|2.8|457|37|1|19|4|1|9|10|2023-09-24|2023-09-24
908|6.8|458|37|1|19|4|1|9|10|2023-09-24|2023-09-24
909|3.2|459|37|1|19|4|1|9|10|2023-09-24|2023-09-24
910|3.2|460|37|1|19|4|1|9|10|2023-09-24|2023-09-24
911|2.4|461|37|1|19|4|1|9|10|2023-09-24|2023-09-24
912|1.5|462|37|1|19|4|1|9|10|2023-09-24|2023-09-24
913|3.7|463|37|1|19|4|1|9|10|2023-09-24|2023-09-24
914|5.8|464|37|1|19|4|1|9|10|2023-09-24|2023-09-24
915|5.2|465|37|1|19|4|1|9|10|2023-09-24|2023-09-24
916|3.6|466|37|1|19|4|1|9|10|2023-09-24|2023-09-24
917|1.4|467|37|1|19|4|1|9|10|2023-09-24|2023-09-24
918|4.6|468|37|1|19|4|1|9|10|2023-09-24|2023-09-24
919|3|469|37|1|19|4|1|9|10|2023-09-24|2023-09-24
920|5.9|470|37|1|19|4|1|9|10|2023-09-24|2023-09-24
921|1.9|471|37|1|19|4|1|9|10|2023-09-24|2023-09-24
922|3.7|472|37|1|19|4|1|9|10|2023-09-24|2023-09-24
923|6.5|473|37|1|19|4|1|9|10|2023-09-24|2023-09-24
924|4.5|474|37|1|19|4|1|9|10|2023-09-24|2023-09-24
925|6.1|475|37|1|19|4|1|9|10|2023-09-24|2023-09-24
926|4|451|38|1|19|4|1|9|10|2023-09-24|2023-09-24
927|1.6|452|38|1|19|4|1|9|10|2023-09-24|2023-09-24
928|3.3|453|38|1|19|4|1|9|10|2023-09-24|2023-09-24
929|6|454|38|1|19|4|1|9|10|2023-09-24|2023-09-24
930|1.9|455|38|1|19|4|1|9|10|2023-09-24|2023-09-24
931|4.2|456|38|1|19|4|1|9|10|2023-09-24|2023-09-24
932|5.2|457|38|1|19|4|1|9|10|2023-09-24|2023-09-24
933|3|458|38|1|19|4|1|9|10|2023-09-24|2023-09-24
934|1.1|459|38|1|19|4|1|9|10|2023-09-24|2023-09-24
935|2.6|460|38|1|19|4|1|9|10|2023-09-24|2023-09-24
936|6.7|461|38|1|19|4|1|9|10|2023-09-24|2023-09-24
937|6.5|462|38|1|19|4|1|9|10|2023-09-24|2023-09-24
938|4.1|463|38|1|19|4|1|9|10|2023-09-24|2023-09-24
939|6.7|464|38|1|19|4|1|9|10|2023-09-24|2023-09-24
940|1.8|465|38|1|19|4|1|9|10|2023-09-24|2023-09-24
941|4.4|466|38|1|19|4|1|9|10|2023-09-24|2023-09-24
942|2.4|467|38|1|19|4|1|9|10|2023-09-24|2023-09-24
943|6.7|468|38|1|19|4|1|9|10|2023-09-24|2023-09-24
944|6.9|469|38|1|19|4|1|9|10|2023-09-24|2023-09-24
945|4.6|470|38|1|19|4|1|9|10|2023-09-24|2023-09-24
946|6.2|471|38|1|19|4|1|9|10|2023-09-24|2023-09-24
947|6.8|472|38|1|19|4|1|9|10|2023-09-24|2023-09-24
948|6.9|473|38|1|19|4|1|9|10|2023-09-24|2023-09-24
949|2.8|474|38|1|19|4|1|9|10|2023-09-24|2023-09-24
950|1.7|475|38|1|19|4|1|9|10|2023-09-24|2023-09-24
951|7.1|451|39|1|19|4|1|9|10|2023-09-24|2023-09-24
952|3.7|452|39|1|19|4|1|9|10|2023-09-24|2023-09-24
953|3.6|453|39|1|19|4|1|9|10|2023-09-24|2023-09-24
954|2.4|454|39|1|19|4|1|9|10|2023-09-24|2023-09-24
955|2.7|455|39|1|19|4|1|9|10|2023-09-24|2023-09-24
956|1.7|456|39|1|19|4|1|9|10|2023-09-24|2023-09-24
957|6.5|457|39|1|19|4|1|9|10|2023-09-24|2023-09-24
958|5.4|458|39|1|19|4|1|9|10|2023-09-24|2023-09-24
959|2.7|459|39|1|19|4|1|9|10|2023-09-24|2023-09-24
960|6|460|39|1|19|4|1|9|10|2023-09-24|2023-09-24
961|6.8|461|39|1|19|4|1|9|10|2023-09-24|2023-09-24
962|4.1|462|39|1|19|4|1|9|10|2023-09-24|2023-09-24
963|4.8|463|39|1|19|4|1|9|10|2023-09-24|2023-09-24
964|5.8|464|39|1|19|4|1|9|10|2023-09-24|2023-09-24
965|1.5|465|39|1|19|4|1|9|10|2023-09-24|2023-09-24
966|4.3|466|39|1|19|4|1|9|10|2023-09-24|2023-09-24
967|4.5|467|39|1|19|4|1|9|10|2023-09-24|2023-09-24
968|1.4|468|39|1|19|4|1|9|10|2023-09-24|2023-09-24
969|5.4|469|39|1|19|4|1|9|10|2023-09-24|2023-09-24
970|2.4|470|39|1|19|4|1|9|10|2023-09-24|2023-09-24
971|3.9|471|39|1|19|4|1|9|10|2023-09-24|2023-09-24
972|1.7|472|39|1|19|4|1|9|10|2023-09-24|2023-09-24
973|5.6|473|39|1|19|4|1|9|10|2023-09-24|2023-09-24
974|3.1|474|39|1|19|4|1|9|10|2023-09-24|2023-09-24
975|5.1|475|39|1|19|4|1|9|10|2023-09-24|2023-09-24
976|1.9|451|40|1|19|4|1|9|10|2023-09-24|2023-09-24
977|1.6|452|40|1|19|4|1|9|10|2023-09-24|2023-09-24
978|1.2|453|40|1|19|4|1|9|10|2023-09-24|2023-09-24
979|6.8|454|40|1|19|4|1|9|10|2023-09-24|2023-09-24
980|6.1|455|40|1|19|4|1|9|10|2023-09-24|2023-09-24
981|5.7|456|40|1|19|4|1|9|10|2023-09-24|2023-09-24
982|6.8|457|40|1|19|4|1|9|10|2023-09-24|2023-09-24
983|4.1|458|40|1|19|4|1|9|10|2023-09-24|2023-09-24
984|5.4|459|40|1|19|4|1|9|10|2023-09-24|2023-09-24
985|4.9|460|40|1|19|4|1|9|10|2023-09-24|2023-09-24
986|2.9|461|40|1|19|4|1|9|10|2023-09-24|2023-09-24
987|2.4|462|40|1|19|4|1|9|10|2023-09-24|2023-09-24
988|4.5|463|40|1|19|4|1|9|10|2023-09-24|2023-09-24
989|1.9|464|40|1|19|4|1|9|10|2023-09-24|2023-09-24
990|3|465|40|1|19|4|1|9|10|2023-09-24|2023-09-24
991|5.8|466|40|1|19|4|1|9|10|2023-09-24|2023-09-24
992|1.1|467|40|1|19|4|1|9|10|2023-09-24|2023-09-24
993|6.9|468|40|1|19|4|1|9|10|2023-09-24|2023-09-24
994|1.1|469|40|1|19|4|1|9|10|2023-09-24|2023-09-24
995|1.8|470|40|1|19|4|1|9|10|2023-09-24|2023-09-24
996|2.1|471|40|1|19|4|1|9|10|2023-09-24|2023-09-24
997|2.2|472|40|1|19|4|1|9|10|2023-09-24|2023-09-24
998|1.8|473|40|1|19|4|1|9|10|2023-09-24|2023-09-24
999|1.6|474|40|1|19|4|1|9|10|2023-09-24|2023-09-24
1000|6.7|475|40|1|19|4|1|9|10|2023-09-24|2023-09-24
1001|3.8|451|41|1|19|4|1|10|11|2023-09-24|2023-09-24
1002|3.1|452|41|1|19|4|1|10|11|2023-09-24|2023-09-24
1003|3.8|453|41|1|19|4|1|10|11|2023-09-24|2023-09-24
1004|6.8|454|41|1|19|4|1|10|11|2023-09-24|2023-09-24
1005|4.6|455|41|1|19|4|1|10|11|2023-09-24|2023-09-24
1006|5.5|456|41|1|19|4|1|10|11|2023-09-24|2023-09-24
1007|4.6|457|41|1|19|4|1|10|11|2023-09-24|2023-09-24
1008|1.8|458|41|1|19|4|1|10|11|2023-09-24|2023-09-24
1009|2.2|459|41|1|19|4|1|10|11|2023-09-24|2023-09-24
1010|6|460|41|1|19|4|1|10|11|2023-09-24|2023-09-24
1011|5.3|461|41|1|19|4|1|10|11|2023-09-24|2023-09-24
1012|1.4|462|41|1|19|4|1|10|11|2023-09-24|2023-09-24
1013|3.8|463|41|1|19|4|1|10|11|2023-09-24|2023-09-24
1014|3|464|41|1|19|4|1|10|11|2023-09-24|2023-09-24
1015|7|465|41|1|19|4|1|10|11|2023-09-24|2023-09-24
1016|3.7|466|41|1|19|4|1|10|11|2023-09-24|2023-09-24
1017|6.9|467|41|1|19|4|1|10|11|2023-09-24|2023-09-24
1018|2.4|468|41|1|19|4|1|10|11|2023-09-24|2023-09-24
1019|2.5|469|41|1|19|4|1|10|11|2023-09-24|2023-09-24
1020|6.7|470|41|1|19|4|1|10|11|2023-09-24|2023-09-24
1021|4.8|471|41|1|19|4|1|10|11|2023-09-24|2023-09-24
1022|2|472|41|1|19|4|1|10|11|2023-09-24|2023-09-24
1023|6.8|473|41|1|19|4|1|10|11|2023-09-24|2023-09-24
1024|7|474|41|1|19|4|1|10|11|2023-09-24|2023-09-24
1025|1.6|475|41|1|19|4|1|10|11|2023-09-24|2023-09-24
1026|1.2|451|42|1|19|4|1|10|11|2023-09-24|2023-09-24
1027|3.9|452|42|1|19|4|1|10|11|2023-09-24|2023-09-24
1028|1.3|453|42|1|19|4|1|10|11|2023-09-24|2023-09-24
1029|1.5|454|42|1|19|4|1|10|11|2023-09-24|2023-09-24
1030|6.1|455|42|1|19|4|1|10|11|2023-09-24|2023-09-24
1031|4.5|456|42|1|19|4|1|10|11|2023-09-24|2023-09-24
1032|5.3|457|42|1|19|4|1|10|11|2023-09-24|2023-09-24
1033|5.5|458|42|1|19|4|1|10|11|2023-09-24|2023-09-24
1034|4.4|459|42|1|19|4|1|10|11|2023-09-24|2023-09-24
1035|1.6|460|42|1|19|4|1|10|11|2023-09-24|2023-09-24
1036|6.7|461|42|1|19|4|1|10|11|2023-09-24|2023-09-24
1037|1.2|462|42|1|19|4|1|10|11|2023-09-24|2023-09-24
1038|4.4|463|42|1|19|4|1|10|11|2023-09-24|2023-09-24
1039|3|464|42|1|19|4|1|10|11|2023-09-24|2023-09-24
1040|2.7|465|42|1|19|4|1|10|11|2023-09-24|2023-09-24
1041|5.3|466|42|1|19|4|1|10|11|2023-09-24|2023-09-24
1042|6.4|467|42|1|19|4|1|10|11|2023-09-24|2023-09-24
1043|6.2|468|42|1|19|4|1|10|11|2023-09-24|2023-09-24
1044|4.6|469|42|1|19|4|1|10|11|2023-09-24|2023-09-24
1045|1.2|470|42|1|19|4|1|10|11|2023-09-24|2023-09-24
1046|6.6|471|42|1|19|4|1|10|11|2023-09-24|2023-09-24
1047|4.6|472|42|1|19|4|1|10|11|2023-09-24|2023-09-24
1048|4.9|473|42|1|19|4|1|10|11|2023-09-24|2023-09-24
1049|6.3|474|42|1|19|4|1|10|11|2023-09-24|2023-09-24
1050|2.9|475|42|1|19|4|1|10|11|2023-09-24|2023-09-24
1051|1.9|451|43|1|19|4|1|10|11|2023-09-24|2023-09-24
1052|4.3|452|43|1|19|4|1|10|11|2023-09-24|2023-09-24
1053|3|453|43|1|19|4|1|10|11|2023-09-24|2023-09-24
1054|6.7|454|43|1|19|4|1|10|11|2023-09-24|2023-09-24
1055|6.8|455|43|1|19|4|1|10|11|2023-09-24|2023-09-24
1056|4.8|456|43|1|19|4|1|10|11|2023-09-24|2023-09-24
1057|6.8|457|43|1|19|4|1|10|11|2023-09-24|2023-09-24
1058|6.6|458|43|1|19|4|1|10|11|2023-09-24|2023-09-24
1059|4|459|43|1|19|4|1|10|11|2023-09-24|2023-09-24
1060|1.2|460|43|1|19|4|1|10|11|2023-09-24|2023-09-24
1061|2.3|461|43|1|19|4|1|10|11|2023-09-24|2023-09-24
1062|5.9|462|43|1|19|4|1|10|11|2023-09-24|2023-09-24
1063|4.1|463|43|1|19|4|1|10|11|2023-09-24|2023-09-24
1064|2.3|464|43|1|19|4|1|10|11|2023-09-24|2023-09-24
1065|6.8|465|43|1|19|4|1|10|11|2023-09-24|2023-09-24
1066|2.5|466|43|1|19|4|1|10|11|2023-09-24|2023-09-24
1067|5.7|467|43|1|19|4|1|10|11|2023-09-24|2023-09-24
1068|4.2|468|43|1|19|4|1|10|11|2023-09-24|2023-09-24
1069|7|469|43|1|19|4|1|10|11|2023-09-24|2023-09-24
1070|2.6|470|43|1|19|4|1|10|11|2023-09-24|2023-09-24
1071|1.4|471|43|1|19|4|1|10|11|2023-09-24|2023-09-24
1072|4.7|472|43|1|19|4|1|10|11|2023-09-24|2023-09-24
1073|6.5|473|43|1|19|4|1|10|11|2023-09-24|2023-09-24
1074|4.9|474|43|1|19|4|1|10|11|2023-09-24|2023-09-24
1075|4.3|475|43|1|19|4|1|10|11|2023-09-24|2023-09-24
1076|1.6|451|44|1|19|4|1|10|11|2023-09-24|2023-09-24
1077|6.8|452|44|1|19|4|1|10|11|2023-09-24|2023-09-24
1078|1.4|453|44|1|19|4|1|10|11|2023-09-24|2023-09-24
1079|1.8|454|44|1|19|4|1|10|11|2023-09-24|2023-09-24
1080|2.6|455|44|1|19|4|1|10|11|2023-09-24|2023-09-24
1081|3.4|456|44|1|19|4|1|10|11|2023-09-24|2023-09-24
1082|2.9|457|44|1|19|4|1|10|11|2023-09-24|2023-09-24
1083|1.6|458|44|1|19|4|1|10|11|2023-09-24|2023-09-24
1084|4.5|459|44|1|19|4|1|10|11|2023-09-24|2023-09-24
1085|5.1|460|44|1|19|4|1|10|11|2023-09-24|2023-09-24
1086|1.4|461|44|1|19|4|1|10|11|2023-09-24|2023-09-24
1087|4.8|462|44|1|19|4|1|10|11|2023-09-24|2023-09-24
1088|1.8|463|44|1|19|4|1|10|11|2023-09-24|2023-09-24
1089|1.2|464|44|1|19|4|1|10|11|2023-09-24|2023-09-24
1090|3.4|465|44|1|19|4|1|10|11|2023-09-24|2023-09-24
1091|6.8|466|44|1|19|4|1|10|11|2023-09-24|2023-09-24
1092|4.7|467|44|1|19|4|1|10|11|2023-09-24|2023-09-24
1093|6.4|468|44|1|19|4|1|10|11|2023-09-24|2023-09-24
1094|1.5|469|44|1|19|4|1|10|11|2023-09-24|2023-09-24
1095|1.8|470|44|1|19|4|1|10|11|2023-09-24|2023-09-24
1096|2.3|471|44|1|19|4|1|10|11|2023-09-24|2023-09-24
1097|1.6|472|44|1|19|4|1|10|11|2023-09-24|2023-09-24
1098|5.1|473|44|1|19|4|1|10|11|2023-09-24|2023-09-24
1099|6.1|474|44|1|19|4|1|10|11|2023-09-24|2023-09-24
1100|4.9|475|44|1|19|4|1|10|11|2023-09-24|2023-09-24